file,psnr,ssim,lpips
GOPR0384_11_00_000001.png,24.226102323873082,0.7892174124717712,0.3702060282230377
GOPR0384_11_00_000002.png,24.699679875218294,0.8138604760169983,0.37080323696136475
GOPR0384_11_00_000003.png,25.555788320257022,0.8306199312210083,0.2657451033592224
GOPR0384_11_00_000004.png,25.3348699402557,0.8226987719535828,0.21949617564678192
GOPR0384_11_00_000005.png,27.11705842829636,0.8703551888465881,0.20336370170116425
GOPR0384_11_00_000006.png,26.752841996265193,0.8593711853027344,0.16909994184970856
GOPR0384_11_00_000007.png,30.42107584893681,0.9280600547790527,0.12328705191612244
GOPR0384_11_00_000008.png,26.92768868057614,0.8668800592422485,0.25176092982292175
GOPR0384_11_00_000009.png,30.568951270586936,0.9357208609580994,0.11584748327732086
GOPR0384_11_00_000010.png,31.458750635093587,0.9473378658294678,0.08160403370857239
GOPR0384_11_00_000011.png,27.996916754484907,0.8888577818870544,0.184753879904747
GOPR0384_11_00_000012.png,28.47197263720911,0.8947128057479858,0.22124190628528595
GOPR0384_11_00_000013.png,24.9587520773804,0.8200844526290894,0.32471346855163574
GOPR0384_11_00_000014.png,23.745211828283274,0.7768507599830627,0.40924468636512756
GOPR0384_11_00_000015.png,23.712118708995927,0.7772507667541504,0.3804342448711395
GOPR0384_11_00_000016.png,27.46552741880334,0.8899737596511841,0.18555116653442383
GOPR0384_11_00_000017.png,24.18572926593235,0.8305361866950989,0.2598669230937958
GOPR0384_11_00_000018.png,24.088574414919748,0.8198115825653076,0.2595776617527008
GOPR0384_11_00_000019.png,22.53440322926881,0.762208104133606,0.41866958141326904
GOPR0384_11_00_000020.png,28.00265574766009,0.895229697227478,0.1555904597043991
GOPR0384_11_00_000021.png,27.11415638642184,0.8679269552230835,0.16099420189857483
GOPR0384_11_00_000022.png,25.311521011431747,0.8207907676696777,0.2954321503639221
GOPR0384_11_00_000023.png,32.39022000845695,0.9526692628860474,0.08510954678058624
GOPR0384_11_00_000024.png,26.673071755868435,0.8712012767791748,0.177211731672287
GOPR0384_11_00_000025.png,31.801330692144923,0.9482772946357727,0.1045299842953682
GOPR0384_11_00_000026.png,27.23012100888862,0.861258327960968,0.20349770784378052
GOPR0384_11_00_000027.png,25.476376295709855,0.8240042924880981,0.22372525930404663
GOPR0384_11_00_000028.png,23.354451177691477,0.7782778143882751,0.3306044638156891
GOPR0384_11_00_000029.png,27.11007977531079,0.8794670701026917,0.24449412524700165
GOPR0384_11_00_000030.png,30.41105028685344,0.9338443875312805,0.1183171421289444
GOPR0384_11_00_000031.png,31.58080060168457,0.9493409991264343,0.07016049325466156
GOPR0384_11_00_000032.png,30.55937109271258,0.9316040873527527,0.1297212690114975
GOPR0384_11_00_000033.png,30.658594540244163,0.9320683479309082,0.10592129826545715
GOPR0384_11_00_000034.png,30.351892550857777,0.9259034991264343,0.1361108124256134
GOPR0384_11_00_000035.png,32.51592900644442,0.9523652791976929,0.10111047327518463
GOPR0384_11_00_000036.png,30.232768640603666,0.9272538423538208,0.10305991768836975
GOPR0384_11_00_000037.png,30.8216338235026,0.9431053996086121,0.08181411027908325
GOPR0384_11_00_000038.png,29.25390488361559,0.9142497777938843,0.13026799261569977
GOPR0384_11_00_000039.png,33.18982636513981,0.9618024826049805,0.06950990110635757
GOPR0384_11_00_000040.png,30.83604875157421,0.9368614554405212,0.10669407993555069
GOPR0384_11_00_000041.png,29.59822389444095,0.9250670671463013,0.1068241223692894
GOPR0384_11_00_000042.png,32.478725036382635,0.9569892883300781,0.06696431338787079
GOPR0384_11_00_000043.png,33.07629806223482,0.9609578251838684,0.06867999583482742
GOPR0384_11_00_000044.png,30.023473213243513,0.9362329840660095,0.10483075678348541
GOPR0384_11_00_000045.png,26.87718778294633,0.8689444065093994,0.1880427747964859
GOPR0384_11_00_000046.png,31.15322573501921,0.9393290877342224,0.10475325584411621
GOPR0384_11_00_000047.png,29.472300476476313,0.9325954914093018,0.08450920134782791
GOPR0384_11_00_000048.png,29.712155683338807,0.940060019493103,0.07163533568382263
GOPR0384_11_00_000049.png,30.956042741987922,0.9366683959960938,0.12220072746276855
GOPR0384_11_00_000050.png,33.207972163983605,0.9632870554924011,0.061863236129283905
GOPR0384_11_00_000051.png,32.162195147574096,0.9506069421768188,0.07678961753845215
GOPR0384_11_00_000052.png,27.96509821526098,0.8958277106285095,0.15303511917591095
GOPR0384_11_00_000053.png,27.715825848428004,0.884554386138916,0.24263983964920044
GOPR0384_11_00_000054.png,28.59005910555135,0.9066454768180847,0.1688750982284546
GOPR0384_11_00_000055.png,28.671951440288378,0.9042736291885376,0.17461511492729187
GOPR0384_11_00_000056.png,29.078795475785082,0.9104568362236023,0.14775113761425018
GOPR0384_11_00_000057.png,26.596052250663437,0.8566688299179077,0.19265659153461456
GOPR0384_11_00_000058.png,30.84075329704326,0.9352080821990967,0.13147194683551788
GOPR0384_11_00_000059.png,26.438596059353703,0.8570175170898438,0.2643858790397644
GOPR0384_11_00_000060.png,30.237853756255667,0.9363012909889221,0.11043566465377808
GOPR0384_11_00_000061.png,23.665092959734064,0.7911394238471985,0.3208588659763336
GOPR0384_11_00_000062.png,26.596685906971345,0.8811326026916504,0.21248529851436615
GOPR0384_11_00_000063.png,26.00650896698894,0.8511641025543213,0.26694050431251526
GOPR0384_11_00_000064.png,33.42137884325344,0.958077609539032,0.07345976680517197
GOPR0384_11_00_000065.png,25.77085504801865,0.8292369842529297,0.25529518723487854
GOPR0384_11_00_000066.png,24.60228129520944,0.802333414554596,0.3970237374305725
GOPR0384_11_00_000067.png,27.734639756390678,0.8813291192054749,0.1638961285352707
GOPR0384_11_00_000068.png,29.581612462723875,0.9088116884231567,0.14058920741081238
GOPR0384_11_00_000069.png,35.148777189351236,0.967460036277771,0.0593133307993412
GOPR0384_11_00_000070.png,28.02180462222957,0.8830946087837219,0.15567660331726074
GOPR0384_11_00_000071.png,32.66156192108197,0.947193443775177,0.08092710375785828
GOPR0384_11_00_000072.png,29.3539564120632,0.902310848236084,0.15113714337348938
GOPR0384_11_00_000073.png,30.080798382935143,0.9171832203865051,0.15689127147197723
GOPR0384_11_00_000074.png,28.45355416385999,0.9024564027786255,0.13021831214427948
GOPR0384_11_00_000075.png,31.203700620445236,0.9407542943954468,0.08626211434602737
GOPR0384_11_00_000076.png,25.60330448843093,0.8640995621681213,0.18300557136535645
GOPR0384_11_00_000077.png,27.782952819197853,0.8914263844490051,0.13328583538532257
GOPR0384_11_00_000078.png,27.485803778208968,0.8994066715240479,0.12258748710155487
GOPR0384_11_00_000079.png,26.27614099753289,0.8658649921417236,0.178444966673851
GOPR0384_11_00_000080.png,27.30592895404147,0.888598620891571,0.21084319055080414
GOPR0384_11_00_000081.png,28.734440146581296,0.9120404720306396,0.12885218858718872
GOPR0384_11_00_000082.png,27.12984223753316,0.8786332011222839,0.14833679795265198
GOPR0384_11_00_000083.png,23.97593509481938,0.7887954115867615,0.24053505063056946
GOPR0384_11_00_000084.png,27.4165777027891,0.9016342759132385,0.14522400498390198
GOPR0384_11_00_000085.png,29.426410780657747,0.921802282333374,0.13775190711021423
GOPR0384_11_00_000086.png,25.678697850783276,0.8727032542228699,0.148590549826622
GOPR0384_11_00_000087.png,25.931029971632064,0.8838392496109009,0.14419880509376526
GOPR0384_11_00_000088.png,28.02349210095288,0.9117957949638367,0.12368165701627731
GOPR0384_11_00_000089.png,30.33990698304633,0.9336159825325012,0.11665837466716766
GOPR0384_11_00_000090.png,29.28301739459467,0.9257633686065674,0.1306106001138687
GOPR0384_11_00_000091.png,27.97493240291905,0.8958247303962708,0.1466418206691742
GOPR0384_11_00_000092.png,26.633892079409755,0.867253303527832,0.20952513813972473
GOPR0384_11_00_000093.png,28.849328250903945,0.9199294447898865,0.11381704360246658
GOPR0384_11_00_000094.png,29.64518734423678,0.9281799793243408,0.13985824584960938
GOPR0384_11_00_000095.png,25.96507525903961,0.849919319152832,0.279693603515625
GOPR0384_11_00_000096.png,32.16463728123861,0.9489029049873352,0.12238186597824097
GOPR0384_11_00_000097.png,28.423769570792366,0.9077804684638977,0.1452942043542862
GOPR0384_11_00_000098.png,30.521282413404723,0.9327560067176819,0.14245110750198364
GOPR0384_11_00_000099.png,30.357773660278422,0.9357776045799255,0.11764555424451828
GOPR0384_11_00_000100.png,28.791485777355597,0.910385012626648,0.16043053567409515
GOPR0384_11_05_004001.png,25.218151095716443,0.8900043368339539,0.21267543733119965
GOPR0384_11_05_004002.png,24.78798054802048,0.8921573758125305,0.22521311044692993
GOPR0384_11_05_004003.png,24.215269398350358,0.869568407535553,0.2546497881412506
GOPR0384_11_05_004004.png,25.527703538282267,0.8985736966133118,0.2138734757900238
GOPR0384_11_05_004005.png,26.27055589373617,0.9098017811775208,0.1993645429611206
GOPR0384_11_05_004006.png,26.53672101949914,0.9055235385894775,0.2041400671005249
GOPR0384_11_05_004007.png,27.380746378975893,0.9156047701835632,0.1881130486726761
GOPR0384_11_05_004008.png,29.415514500372574,0.9271752238273621,0.15408369898796082
GOPR0384_11_05_004009.png,28.18471494088498,0.9151588678359985,0.1729518324136734
GOPR0384_11_05_004010.png,28.694803172721958,0.924860954284668,0.1805053949356079
GOPR0384_11_05_004011.png,29.744797231932495,0.935335099697113,0.16196312010288239
GOPR0384_11_05_004012.png,28.422948814833656,0.9174562096595764,0.17520859837532043
GOPR0384_11_05_004013.png,30.658579218951097,0.9346199631690979,0.1518622785806656
GOPR0384_11_05_004014.png,30.680073745782774,0.9419732093811035,0.13000887632369995
GOPR0384_11_05_004015.png,30.356156390361534,0.9392247200012207,0.15058597922325134
GOPR0384_11_05_004016.png,31.1362878734394,0.9457692503929138,0.14515730738639832
GOPR0384_11_05_004017.png,30.310816221258747,0.9380370378494263,0.1388060450553894
GOPR0384_11_05_004018.png,29.612896032834666,0.9353728294372559,0.1590292751789093
GOPR0384_11_05_004019.png,29.674941912592445,0.9399144649505615,0.15843187272548676
GOPR0384_11_05_004020.png,29.34495424256379,0.9321983456611633,0.1704666018486023
GOPR0384_11_05_004021.png,29.670119406897136,0.9390501976013184,0.1649022400379181
GOPR0384_11_05_004022.png,29.46453203961702,0.9403089880943298,0.17460903525352478
GOPR0384_11_05_004023.png,27.825016658645694,0.9108962416648865,0.2255803942680359
GOPR0384_11_05_004024.png,27.582116696296474,0.911950945854187,0.21239756047725677
GOPR0384_11_05_004025.png,27.90432422745099,0.917667806148529,0.20642709732055664
GOPR0384_11_05_004026.png,28.368344137220454,0.9208213090896606,0.19082048535346985
GOPR0384_11_05_004027.png,27.335274396266872,0.9073092341423035,0.2001570165157318
GOPR0384_11_05_004028.png,29.689501443920285,0.9388859868049622,0.15079298615455627
GOPR0384_11_05_004029.png,28.352437967595886,0.9216628670692444,0.1742503046989441
GOPR0384_11_05_004030.png,28.04056541898514,0.9175131320953369,0.17541131377220154
GOPR0384_11_05_004031.png,28.194759407446806,0.9277749061584473,0.1602727323770523
GOPR0384_11_05_004032.png,28.22349195609071,0.9198489189147949,0.1734829992055893
GOPR0384_11_05_004033.png,27.235648737285135,0.9080401062965393,0.20621410012245178
GOPR0384_11_05_004034.png,26.927989395034473,0.9038026332855225,0.21179485321044922
GOPR0384_11_05_004035.png,30.23919050456577,0.9486128091812134,0.12023217231035233
GOPR0384_11_05_004036.png,28.94460452865896,0.9371171593666077,0.14567165076732635
GOPR0384_11_05_004037.png,26.0681320845846,0.8911491632461548,0.22572442889213562
GOPR0384_11_05_004038.png,28.17564282481333,0.9322521686553955,0.164915069937706
GOPR0384_11_05_004039.png,27.592563587203397,0.9199169874191284,0.17275886237621307
GOPR0384_11_05_004040.png,26.028472861960118,0.8899731636047363,0.2062874138355255
GOPR0384_11_05_004041.png,26.022759347378077,0.8885982036590576,0.21817655861377716
GOPR0384_11_05_004042.png,26.915360421026683,0.9071832299232483,0.19597741961479187
GOPR0384_11_05_004043.png,27.57869173361989,0.9160873889923096,0.18363521993160248
GOPR0384_11_05_004044.png,27.14699968250926,0.9014680981636047,0.2002498209476471
GOPR0384_11_05_004045.png,27.479743401988223,0.9046840667724609,0.20840035378932953
GOPR0384_11_05_004046.png,27.95714425052275,0.9156943559646606,0.19748562574386597
GOPR0384_11_05_004047.png,29.44964836315995,0.9305906295776367,0.1646115630865097
GOPR0384_11_05_004048.png,27.27676800489691,0.9040745496749878,0.1893388330936432
GOPR0384_11_05_004049.png,30.385347837817434,0.9424241185188293,0.1455160677433014
GOPR0384_11_05_004050.png,29.23832119485747,0.9281673431396484,0.17701193690299988
GOPR0384_11_05_004051.png,28.635961712149857,0.9210525155067444,0.17057515680789948
GOPR0384_11_05_004052.png,27.58037444351062,0.9060230255126953,0.19020859897136688
GOPR0384_11_05_004053.png,28.771932281112875,0.9261497855186462,0.1651785671710968
GOPR0384_11_05_004054.png,29.090965887602405,0.9288151264190674,0.16498559713363647
GOPR0384_11_05_004055.png,28.194687737201747,0.9113693833351135,0.17177197337150574
GOPR0384_11_05_004056.png,30.44138265257719,0.9395117163658142,0.13882027566432953
GOPR0384_11_05_004057.png,30.1868921532401,0.946989119052887,0.09563857316970825
GOPR0384_11_05_004058.png,32.06328693968646,0.9578201770782471,0.10147857666015625
GOPR0384_11_05_004059.png,30.481064550903646,0.9428247809410095,0.12246523797512054
GOPR0384_11_05_004060.png,30.642743026063254,0.9315379858016968,0.14887747168540955
GOPR0384_11_05_004061.png,29.931592237830323,0.9398679137229919,0.13230222463607788
GOPR0384_11_05_004062.png,31.15190164357218,0.9487283825874329,0.12987712025642395
GOPR0384_11_05_004063.png,29.0057512799166,0.9216518402099609,0.1890147626399994
GOPR0384_11_05_004064.png,24.190721922128944,0.8285225629806519,0.3447142243385315
GOPR0384_11_05_004065.png,26.996724625774643,0.8981917500495911,0.21100112795829773
GOPR0384_11_05_004066.png,27.606560344561363,0.8970580101013184,0.22323253750801086
GOPR0384_11_05_004067.png,30.689745497526474,0.9434197545051575,0.12596750259399414
GOPR0384_11_05_004068.png,29.868675115744278,0.9422096610069275,0.11184419691562653
GOPR0384_11_05_004069.png,32.282524305132874,0.9583215713500977,0.09196627140045166
GOPR0384_11_05_004070.png,28.202517958532184,0.9125218987464905,0.19283582270145416
GOPR0384_11_05_004071.png,27.650939933286427,0.8953526616096497,0.2543366253376007
GOPR0384_11_05_004072.png,30.64540732276816,0.9388170838356018,0.1464102417230606
GOPR0384_11_05_004073.png,25.628784737439577,0.8551408648490906,0.2547428011894226
GOPR0384_11_05_004074.png,26.951755374895832,0.8879576921463013,0.24037931859493256
GOPR0384_11_05_004075.png,26.802343669327872,0.8839812874794006,0.2246643453836441
GOPR0384_11_05_004076.png,28.032988179143036,0.9143178462982178,0.17141328752040863
GOPR0384_11_05_004077.png,27.366581326736288,0.8997585773468018,0.15643182396888733
GOPR0384_11_05_004078.png,28.9366034935976,0.9132720232009888,0.1630682498216629
GOPR0384_11_05_004079.png,27.58102581202165,0.9019531011581421,0.21434417366981506
GOPR0384_11_05_004080.png,28.44027434487338,0.9171334505081177,0.17995814979076385
GOPR0384_11_05_004081.png,21.47720976878965,0.7682762742042542,0.23516914248466492
GOPR0384_11_05_004082.png,22.77891152637533,0.7911797165870667,0.27908340096473694
GOPR0384_11_05_004083.png,25.957825581295836,0.8664972186088562,0.17514744400978088
GOPR0384_11_05_004084.png,26.448918666199045,0.8787333369255066,0.1627391278743744
GOPR0384_11_05_004085.png,27.14962076488643,0.8954606056213379,0.21664582192897797
GOPR0384_11_05_004086.png,19.90112222057904,0.7191928625106812,0.3203238844871521
GOPR0384_11_05_004087.png,25.93799280098196,0.8696314096450806,0.24959540367126465
GOPR0384_11_05_004088.png,25.146002582964865,0.8543670177459717,0.30031925439834595
GOPR0384_11_05_004089.png,23.3839448529673,0.8168900012969971,0.33554136753082275
GOPR0384_11_05_004090.png,24.822022786353102,0.8523755669593811,0.21234115958213806
GOPR0384_11_05_004091.png,25.079537414629854,0.855323076248169,0.18900135159492493
GOPR0384_11_05_004092.png,27.14095029929375,0.9072794318199158,0.15590740740299225
GOPR0384_11_05_004093.png,27.110700913483427,0.9048094749450684,0.1497177630662918
GOPR0384_11_05_004094.png,26.387480971225905,0.8842203617095947,0.21010905504226685
GOPR0384_11_05_004095.png,25.737970689669854,0.8723838925361633,0.23041994869709015
GOPR0384_11_05_004096.png,25.027718549894296,0.8531985282897949,0.2130317986011505
GOPR0384_11_05_004097.png,25.413711836280694,0.8591410517692566,0.23715436458587646
GOPR0384_11_05_004098.png,25.889055300438063,0.8683874011039734,0.24817803502082825
GOPR0384_11_05_004099.png,24.953721806991354,0.8529378175735474,0.25013917684555054
GOPR0384_11_05_004100.png,24.485373865011326,0.8380107879638672,0.2750071883201599
GOPR0385_11_01_003011.png,24.507719039990256,0.8263195157051086,0.32058408856391907
GOPR0385_11_01_003012.png,24.78460107865141,0.8285688161849976,0.3326971232891083
GOPR0385_11_01_003013.png,23.788366981580964,0.8122222423553467,0.33693963289260864
GOPR0385_11_01_003014.png,25.09068015714184,0.8366782665252686,0.2700037658214569
GOPR0385_11_01_003015.png,23.362651647530235,0.7985622882843018,0.3054792881011963
GOPR0385_11_01_003016.png,25.841169425514103,0.8659982681274414,0.263651579618454
GOPR0385_11_01_003017.png,27.37645241557473,0.8938918709754944,0.21451742947101593
GOPR0385_11_01_003018.png,23.019401921846764,0.7890127897262573,0.3820461928844452
GOPR0385_11_01_003019.png,26.25855368109358,0.8661265969276428,0.27586522698402405
GOPR0385_11_01_003020.png,24.311189731133716,0.8391109704971313,0.3411802649497986
GOPR0385_11_01_003021.png,25.987662371257784,0.8780286312103271,0.2750069797039032
GOPR0385_11_01_003022.png,25.677909073814376,0.8787563443183899,0.3021768033504486
GOPR0385_11_01_003023.png,25.27305184619565,0.878156304359436,0.3163406550884247
GOPR0385_11_01_003024.png,24.718689076546568,0.864229142665863,0.32339945435523987
GOPR0385_11_01_003025.png,25.587999623612614,0.8875426054000854,0.2999732196331024
GOPR0385_11_01_003026.png,25.227963444337476,0.8873364329338074,0.3030056357383728
GOPR0385_11_01_003027.png,25.15710914938962,0.8780788779258728,0.3114199936389923
GOPR0385_11_01_003028.png,26.293925078859278,0.9010438323020935,0.2755940854549408
GOPR0385_11_01_003029.png,25.957398257093224,0.8923676013946533,0.30070099234580994
GOPR0385_11_01_003030.png,26.640379065489988,0.9018359184265137,0.271400511264801
GOPR0385_11_01_003031.png,25.861305294532528,0.8840349912643433,0.2963075637817383
GOPR0385_11_01_003032.png,25.114512847576766,0.8681086301803589,0.31841057538986206
GOPR0385_11_01_003033.png,25.666354817405114,0.8814595937728882,0.28786584734916687
GOPR0385_11_01_003034.png,26.092700508408253,0.889596700668335,0.276597797870636
GOPR0385_11_01_003035.png,25.944736655483453,0.8801294565200806,0.2934543490409851
GOPR0385_11_01_003036.png,23.01420929803793,0.8175143003463745,0.3581957221031189
GOPR0385_11_01_003037.png,26.43091937950266,0.8917498588562012,0.2916082441806793
GOPR0385_11_01_003038.png,25.759919011792718,0.8679302334785461,0.3170025944709778
GOPR0385_11_01_003039.png,28.50324997827777,0.9209458231925964,0.21676570177078247
GOPR0385_11_01_003040.png,29.032655557804127,0.9264100193977356,0.2229459285736084
GOPR0385_11_01_003041.png,28.39544091124904,0.914226770401001,0.238784521818161
GOPR0385_11_01_003042.png,27.97206894269351,0.905272901058197,0.25797897577285767
GOPR0385_11_01_003043.png,28.112601000311685,0.8966158628463745,0.2502034902572632
GOPR0385_11_01_003044.png,27.788284064468954,0.8922818303108215,0.28372931480407715
GOPR0385_11_01_003045.png,28.632838911270078,0.9115334749221802,0.25046783685684204
GOPR0385_11_01_003046.png,31.248773149240378,0.9241341352462769,0.1683163046836853
GOPR0385_11_01_003047.png,29.896695201820055,0.9157629609107971,0.17215661704540253
GOPR0385_11_01_003048.png,29.07643356278047,0.915231466293335,0.2443145364522934
GOPR0385_11_01_003049.png,29.6472946835514,0.9222866296768188,0.223574697971344
GOPR0385_11_01_003050.png,25.759808796341698,0.862280547618866,0.3355260193347931
GOPR0385_11_01_003051.png,28.95192191371298,0.9111765623092651,0.21931374073028564
GOPR0385_11_01_003052.png,27.305531105572605,0.8867266178131104,0.261586993932724
GOPR0385_11_01_003053.png,27.70415567015569,0.8953782320022583,0.2589532732963562
GOPR0385_11_01_003054.png,27.49990307657148,0.8928225636482239,0.2695945203304291
GOPR0385_11_01_003055.png,28.303260159975224,0.9149021506309509,0.24080821871757507
GOPR0385_11_01_003056.png,27.64460749217935,0.9018639922142029,0.2635931670665741
GOPR0385_11_01_003057.png,27.573472015852506,0.8975470066070557,0.2753463089466095
GOPR0385_11_01_003058.png,28.27252565021579,0.9156246185302734,0.23120765388011932
GOPR0385_11_01_003059.png,28.24152603507819,0.9104551672935486,0.22879734635353088
GOPR0385_11_01_003060.png,27.644618123749026,0.903381884098053,0.26514193415641785
GOPR0385_11_01_003061.png,28.151819072598908,0.9011899828910828,0.24133163690567017
GOPR0385_11_01_003062.png,28.218696071464638,0.8963944911956787,0.28054916858673096
GOPR0385_11_01_003063.png,27.558401811364043,0.8736360669136047,0.2762953042984009
GOPR0385_11_01_003064.png,28.829391544467,0.9021708369255066,0.25207123160362244
GOPR0385_11_01_003065.png,27.84499568765429,0.8849263787269592,0.2948843836784363
GOPR0385_11_01_003066.png,29.872491941029477,0.9178529977798462,0.2611200213432312
GOPR0385_11_01_003067.png,28.731043760132344,0.897976815700531,0.3009773790836334
GOPR0385_11_01_003068.png,28.959449349455614,0.9037079811096191,0.2784855365753174
GOPR0385_11_01_003069.png,28.695373604336996,0.8935669660568237,0.2689998149871826
GOPR0385_11_01_003070.png,29.731767310121946,0.9094738960266113,0.26553240418434143
GOPR0385_11_01_003071.png,29.810751488580948,0.9159026741981506,0.25433605909347534
GOPR0385_11_01_003072.png,28.122586135044862,0.8932960629463196,0.27895328402519226
GOPR0385_11_01_003073.png,27.91498379581297,0.8926342129707336,0.29390794038772583
GOPR0385_11_01_003074.png,27.97309696365019,0.8937063217163086,0.3068080544471741
GOPR0385_11_01_003075.png,29.334575957566685,0.9184393882751465,0.2559986710548401
GOPR0385_11_01_003076.png,27.591205557295446,0.8977916836738586,0.2786000669002533
GOPR0385_11_01_003077.png,25.950609987340837,0.867294192314148,0.3355230987071991
GOPR0385_11_01_003078.png,28.48645711404383,0.9094838500022888,0.21584585309028625
GOPR0385_11_01_003079.png,27.11623804158082,0.8974334597587585,0.26953715085983276
GOPR0385_11_01_003080.png,27.084909645576015,0.9053314924240112,0.2714884877204895
GOPR0385_11_01_003081.png,25.75669205480207,0.8802781105041504,0.28334975242614746
GOPR0385_11_01_003082.png,26.10195762505667,0.8788673877716064,0.247673898935318
GOPR0385_11_01_003083.png,25.469077739766348,0.8747383952140808,0.2941076159477234
GOPR0385_11_01_003084.png,27.267409806738684,0.9114124178886414,0.24811463057994843
GOPR0385_11_01_003085.png,26.09730943335505,0.8888334631919861,0.2946365177631378
GOPR0385_11_01_003086.png,27.169433129484094,0.9006255269050598,0.19587285816669464
GOPR0385_11_01_003087.png,25.78796224147808,0.8811923265457153,0.2761635482311249
GOPR0385_11_01_003088.png,25.24161611272242,0.8746399283409119,0.3045307397842407
GOPR0385_11_01_003089.png,25.642412189248077,0.8817760944366455,0.2648548483848572
GOPR0385_11_01_003090.png,25.700802104807863,0.8836808204650879,0.26790401339530945
GOPR0385_11_01_003091.png,25.234496116035046,0.8768910765647888,0.31179437041282654
GOPR0385_11_01_003092.png,25.31574890523173,0.8825168013572693,0.29287469387054443
GOPR0385_11_01_003093.png,25.307591819332313,0.8767999410629272,0.3065705895423889
GOPR0385_11_01_003094.png,25.64604474228116,0.8850336074829102,0.2889643907546997
GOPR0385_11_01_003095.png,25.449620705439315,0.8842533826828003,0.27417248487472534
GOPR0385_11_01_003096.png,24.22441364080097,0.858385443687439,0.30284544825553894
GOPR0385_11_01_003097.png,24.381274681339946,0.8734751343727112,0.29668352007865906
GOPR0385_11_01_003098.png,24.77232208965257,0.8775017857551575,0.285888135433197
GOPR0385_11_01_003099.png,25.847145889691056,0.8985403776168823,0.26482778787612915
GOPR0385_11_01_003100.png,26.750290084101348,0.9098392128944397,0.263705313205719
GOPR0385_11_01_003101.png,25.131911146187868,0.8831755518913269,0.2918318808078766
GOPR0385_11_01_003102.png,23.180198423336766,0.8382722735404968,0.34867870807647705
GOPR0385_11_01_003103.png,23.42912069632424,0.8496325016021729,0.3550754189491272
GOPR0385_11_01_003104.png,23.780925680325,0.8523673415184021,0.3582930564880371
GOPR0385_11_01_003105.png,24.637796909126678,0.8744305372238159,0.32005250453948975
GOPR0385_11_01_003106.png,24.212186689257216,0.8647375702857971,0.32051175832748413
GOPR0385_11_01_003107.png,25.124503026959854,0.8793911933898926,0.30196693539619446
GOPR0385_11_01_003108.png,24.42636362468456,0.8711208701133728,0.31388533115386963
GOPR0385_11_01_003109.png,24.509063235352816,0.874476969242096,0.3088408410549164
GOPR0385_11_01_003110.png,25.375528057223676,0.8899663686752319,0.29462534189224243
GOPR0396_11_00_000001.png,25.09351915722447,0.903390645980835,0.20994850993156433
GOPR0396_11_00_000002.png,24.864493878391464,0.9006838798522949,0.2169792652130127
GOPR0396_11_00_000003.png,25.605124523825175,0.9050619602203369,0.2029760479927063
GOPR0396_11_00_000004.png,24.78534787320718,0.8837194442749023,0.22194407880306244
GOPR0396_11_00_000005.png,27.411476995823392,0.9405228495597839,0.15179017186164856
GOPR0396_11_00_000006.png,27.387086866256457,0.9359342455863953,0.16235153377056122
GOPR0396_11_00_000007.png,26.2200004531362,0.9154224395751953,0.18169039487838745
GOPR0396_11_00_000008.png,26.642444526395096,0.9258167147636414,0.1599520444869995
GOPR0396_11_00_000009.png,27.302701012419877,0.9364608526229858,0.14738889038562775
GOPR0396_11_00_000010.png,26.16509854399599,0.916606068611145,0.18901923298835754
GOPR0396_11_00_000011.png,26.608710625179604,0.9261515140533447,0.1740056276321411
GOPR0396_11_00_000012.png,25.88576778202848,0.9154236912727356,0.19072075188159943
GOPR0396_11_00_000013.png,27.1064647279527,0.9356169700622559,0.15911546349525452
GOPR0396_11_00_000014.png,26.43495802172538,0.9217665195465088,0.18416504561901093
GOPR0396_11_00_000015.png,26.06256975681471,0.9161329865455627,0.20461732149124146
GOPR0396_11_00_000016.png,26.539994268778734,0.9290379881858826,0.18211013078689575
GOPR0396_11_00_000017.png,26.54992409005747,0.9293692111968994,0.1761498898267746
GOPR0396_11_00_000018.png,26.721086285198197,0.9319515824317932,0.18018433451652527
GOPR0396_11_00_000019.png,24.51509989787195,0.8920772075653076,0.246023029088974
GOPR0396_11_00_000020.png,27.517698482070976,0.9381363987922668,0.14695869386196136
GOPR0396_11_00_000021.png,27.57267891620355,0.9406365752220154,0.14541536569595337
GOPR0396_11_00_000022.png,28.165959727009696,0.9482812285423279,0.1259922832250595
GOPR0396_11_00_000023.png,27.793570729889304,0.9450270533561707,0.15051522850990295
GOPR0396_11_00_000024.png,26.88542432383821,0.9296460747718811,0.17182353138923645
GOPR0396_11_00_000025.png,27.96821867025598,0.9461243748664856,0.14019259810447693
GOPR0396_11_00_000026.png,27.03550753148314,0.9347698092460632,0.17728769779205322
GOPR0396_11_00_000027.png,28.697218262286235,0.9554460644721985,0.12130039930343628
GOPR0396_11_00_000028.png,29.012482836033367,0.9554735422134399,0.12179327011108398
GOPR0396_11_00_000029.png,28.243793489471408,0.9478812217712402,0.13011351227760315
GOPR0396_11_00_000030.png,28.227573476674124,0.9501394033432007,0.12281978875398636
GOPR0396_11_00_000031.png,27.5753298995203,0.9446484446525574,0.1510056108236313
GOPR0396_11_00_000032.png,28.442760630129918,0.9559788107872009,0.12123110890388489
GOPR0396_11_00_000033.png,29.25523288161587,0.9610562920570374,0.09614558517932892
GOPR0396_11_00_000034.png,30.004723201652062,0.9676222205162048,0.08511916548013687
GOPR0396_11_00_000035.png,29.853856663668576,0.9639768600463867,0.1026349663734436
GOPR0396_11_00_000036.png,28.905885605947702,0.9538633823394775,0.12790930271148682
GOPR0396_11_00_000037.png,27.208989312424645,0.9362266659736633,0.16001318395137787
GOPR0396_11_00_000038.png,29.419852447273094,0.9610993266105652,0.11175911873579025
GOPR0396_11_00_000039.png,28.42472685888156,0.95122230052948,0.12789934873580933
GOPR0396_11_00_000040.png,26.933174735985503,0.9305785298347473,0.16861848533153534
GOPR0396_11_00_000041.png,27.628526406288266,0.9404034614562988,0.16256749629974365
GOPR0396_11_00_000042.png,28.77753388013995,0.9565561413764954,0.11564713716506958
GOPR0396_11_00_000043.png,29.51879322807987,0.9609289169311523,0.11512015014886856
GOPR0396_11_00_000044.png,29.333931722402106,0.959297776222229,0.09154186397790909
GOPR0396_11_00_000045.png,29.981188315061203,0.9634589552879333,0.11054643988609314
GOPR0396_11_00_000046.png,26.201399414846325,0.9068751931190491,0.20725098252296448
GOPR0396_11_00_000047.png,28.94424647791206,0.9534870386123657,0.12329532951116562
GOPR0396_11_00_000048.png,26.613122236395412,0.9168642163276672,0.18213419616222382
GOPR0396_11_00_000049.png,29.975282264481148,0.9655207395553589,0.10445248335599899
GOPR0396_11_00_000050.png,29.850808718728608,0.9633362889289856,0.10596068948507309
GOPR0396_11_00_000051.png,29.215987719796672,0.9577411413192749,0.11856779456138611
GOPR0396_11_00_000052.png,30.416352506586698,0.9677802920341492,0.08454562723636627
GOPR0396_11_00_000053.png,30.041923007368982,0.9669672250747681,0.08630020171403885
GOPR0396_11_00_000054.png,31.412173808187124,0.9720350503921509,0.06407131999731064
GOPR0396_11_00_000055.png,30.08103179499097,0.9671134352684021,0.0655297338962555
GOPR0396_11_00_000056.png,31.397166446509797,0.9739812016487122,0.0593046173453331
GOPR0396_11_00_000057.png,30.6251432738078,0.9668694138526917,0.08211348950862885
GOPR0396_11_00_000058.png,29.531578548916965,0.9628899097442627,0.10362602770328522
GOPR0396_11_00_000059.png,29.775148727905254,0.9626926183700562,0.10128417611122131
GOPR0396_11_00_000060.png,29.04273191742799,0.9580747485160828,0.10999000072479248
GOPR0396_11_00_000061.png,30.496443590126553,0.9686519503593445,0.09437287598848343
GOPR0396_11_00_000062.png,28.96247345053441,0.9550300240516663,0.13202700018882751
GOPR0396_11_00_000063.png,29.445248251864108,0.9592283368110657,0.0853249579668045
GOPR0396_11_00_000064.png,30.67519549120583,0.9702099561691284,0.0651124119758606
GOPR0396_11_00_000065.png,32.28463639484785,0.9787713289260864,0.06125966086983681
GOPR0396_11_00_000066.png,31.212001182658756,0.972782552242279,0.07050060480833054
GOPR0396_11_00_000067.png,33.13742568498001,0.9813908934593201,0.03730493783950806
GOPR0396_11_00_000068.png,30.665364697358047,0.966587483882904,0.09951961040496826
GOPR0396_11_00_000069.png,31.858225879474364,0.9737896919250488,0.0697174072265625
GOPR0396_11_00_000070.png,30.459396901815033,0.9653542637825012,0.10725617408752441
GOPR0396_11_00_000071.png,30.634302130050585,0.9671303629875183,0.09802286326885223
GOPR0396_11_00_000072.png,29.909529301895212,0.9627706408500671,0.11287228018045425
GOPR0396_11_00_000073.png,31.18747852537105,0.9721032381057739,0.08193019032478333
GOPR0396_11_00_000074.png,31.373591118762935,0.9724666476249695,0.06951698660850525
GOPR0396_11_00_000075.png,31.35666160881722,0.9731211066246033,0.0643586814403534
GOPR0396_11_00_000076.png,29.26474902971734,0.9583593606948853,0.10891653597354889
GOPR0396_11_00_000077.png,32.446031720888286,0.9774738550186157,0.04881446808576584
GOPR0396_11_00_000078.png,26.818761106013156,0.9242104291915894,0.19713911414146423
GOPR0396_11_00_000079.png,33.29530501596904,0.9812646508216858,0.037087731063365936
GOPR0396_11_00_000080.png,31.961115962294656,0.9770514965057373,0.07295996695756912
GOPR0396_11_00_000081.png,31.897108088062048,0.9744665026664734,0.0544402152299881
GOPR0396_11_00_000082.png,33.05456692875575,0.9794117212295532,0.05347484350204468
GOPR0396_11_00_000083.png,33.7595071300132,0.9833496809005737,0.04081849753856659
GOPR0396_11_00_000084.png,32.91405802315786,0.9807195663452148,0.03488193452358246
GOPR0396_11_00_000085.png,33.111055799558166,0.9786181449890137,0.03651423752307892
GOPR0396_11_00_000086.png,32.041295218160116,0.9763413071632385,0.07881160825490952
GOPR0396_11_00_000087.png,31.518340077221932,0.9732289910316467,0.08446338027715683
GOPR0396_11_00_000088.png,32.12857371517275,0.9737650156021118,0.04239645227789879
GOPR0396_11_00_000089.png,29.26070421789525,0.9554476141929626,0.1277749240398407
GOPR0396_11_00_000090.png,34.117023167533766,0.9838479161262512,0.04082697629928589
GOPR0396_11_00_000091.png,29.379918083205766,0.9567501544952393,0.12134217470884323
GOPR0396_11_00_000092.png,32.086912957058466,0.9754353165626526,0.07567838579416275
GOPR0396_11_00_000093.png,33.016238724248595,0.9805665612220764,0.047048065811395645
GOPR0396_11_00_000094.png,31.695161969604364,0.9766480326652527,0.050729282200336456
GOPR0396_11_00_000095.png,32.38374023750811,0.9790959358215332,0.028704209253191948
GOPR0396_11_00_000096.png,33.294553508868866,0.9815198183059692,0.041061099618673325
GOPR0396_11_00_000097.png,34.71831330356557,0.9848304390907288,0.02436516061425209
GOPR0396_11_00_000098.png,33.374328034655896,0.9814666509628296,0.04297451302409172
GOPR0396_11_00_000099.png,30.75345618921172,0.9685357809066772,0.1056557297706604
GOPR0396_11_00_000100.png,32.28773185933893,0.9742260575294495,0.07314720749855042
GOPR0410_11_00_000101.png,25.76138926148326,0.7489989399909973,0.2623031735420227
GOPR0410_11_00_000102.png,27.445146675328044,0.8130083680152893,0.19354447722434998
GOPR0410_11_00_000103.png,29.47135646627944,0.9039205312728882,0.16249367594718933
GOPR0410_11_00_000104.png,29.456401784870447,0.8954074382781982,0.17254029214382172
GOPR0410_11_00_000105.png,29.112445023600305,0.8726472854614258,0.17798219621181488
GOPR0410_11_00_000106.png,28.718448672160413,0.881861686706543,0.13748808205127716
GOPR0410_11_00_000107.png,29.069339942804913,0.8895382285118103,0.16274026036262512
GOPR0410_11_00_000108.png,28.052243624436283,0.8512023687362671,0.254189670085907
GOPR0410_11_00_000109.png,27.807068158617916,0.842494547367096,0.21356278657913208
GOPR0410_11_00_000110.png,27.974421538886688,0.826684832572937,0.29947060346603394
GOPR0410_11_00_000111.png,26.396971452310254,0.815133273601532,0.21906787157058716
GOPR0410_11_00_000112.png,28.17744039798599,0.8619394898414612,0.13229972124099731
GOPR0410_11_00_000113.png,30.31822853839141,0.909563422203064,0.1372857689857483
GOPR0410_11_00_000114.png,25.0586600049072,0.6955832242965698,0.2710530757904053
GOPR0410_11_00_000115.png,25.60775378018437,0.7767557501792908,0.2624860405921936
GOPR0410_11_00_000116.png,26.048071357818387,0.7829307913780212,0.2577616274356842
GOPR0410_11_00_000117.png,26.038744295211455,0.7602760791778564,0.2911396026611328
GOPR0410_11_00_000118.png,27.016341670217408,0.8148620128631592,0.23629920184612274
GOPR0410_11_00_000119.png,28.8327285110227,0.8530978560447693,0.1891685575246811
GOPR0410_11_00_000120.png,25.748290563783236,0.7164585590362549,0.31095004081726074
GOPR0410_11_00_000121.png,25.9496166680219,0.7784028649330139,0.29210585355758667
GOPR0410_11_00_000122.png,25.918968332363438,0.7272934913635254,0.3269276022911072
GOPR0410_11_00_000123.png,27.51065371165325,0.8094406723976135,0.16903047263622284
GOPR0410_11_00_000124.png,28.950900680215273,0.8518445491790771,0.23983603715896606
GOPR0410_11_00_000125.png,26.036773267251366,0.7431113123893738,0.24321682751178741
GOPR0410_11_00_000126.png,28.905648081979894,0.8664162158966064,0.20239375531673431
GOPR0410_11_00_000127.png,28.228811401043743,0.8478208184242249,0.2799649238586426
GOPR0410_11_00_000128.png,26.59373317417982,0.7808451056480408,0.3529449701309204
GOPR0410_11_00_000129.png,24.181855450378173,0.7015211582183838,0.4439327120780945
GOPR0410_11_00_000130.png,24.17356699503088,0.6923984289169312,0.3638885021209717
GOPR0410_11_00_000131.png,25.747119259648876,0.7398799657821655,0.3206130862236023
GOPR0410_11_00_000132.png,26.256909348044783,0.8103498220443726,0.34794455766677856
GOPR0410_11_00_000133.png,25.01597893746085,0.7430343627929688,0.34228047728538513
GOPR0410_11_00_000134.png,23.12778610451879,0.6976772546768188,0.4404785633087158
GOPR0410_11_00_000135.png,24.735172454454247,0.7408873438835144,0.3232777416706085
GOPR0410_11_00_000136.png,27.489482762328162,0.8283382058143616,0.22369486093521118
GOPR0410_11_00_000137.png,29.00028381681516,0.889838695526123,0.1397763043642044
GOPR0410_11_00_000138.png,25.929149178523133,0.8026275038719177,0.24779239296913147
GOPR0410_11_00_000139.png,26.100515357062115,0.7684527039527893,0.33996978402137756
GOPR0410_11_00_000140.png,25.927697693129783,0.7976410388946533,0.3441861867904663
GOPR0410_11_00_000141.png,25.227950812722312,0.7995777130126953,0.29394832253456116
GOPR0410_11_00_000142.png,24.857420794670855,0.7632511258125305,0.44296860694885254
GOPR0410_11_00_000143.png,26.234184192665882,0.8186082243919373,0.21428167819976807
GOPR0410_11_00_000144.png,27.98266667805344,0.8605229258537292,0.15346713364124298
GOPR0410_11_00_000145.png,28.369527557638627,0.8644328713417053,0.17799541354179382
GOPR0410_11_00_000146.png,31.82301901465685,0.9324600100517273,0.12554901838302612
GOPR0410_11_00_000147.png,24.153152292564197,0.7272855043411255,0.3821614980697632
GOPR0410_11_00_000148.png,25.93191814337098,0.7834435701370239,0.27896788716316223
GOPR0410_11_00_000149.png,25.07967270763491,0.7580345869064331,0.4392247200012207
GOPR0410_11_00_000150.png,26.24809571706756,0.8070253729820251,0.37802445888519287
GOPR0410_11_00_000151.png,26.142281618908502,0.777554452419281,0.2964088022708893
GOPR0410_11_00_000152.png,26.798226021416127,0.8087676167488098,0.31104668974876404
GOPR0410_11_00_000153.png,26.111548341324916,0.7906656861305237,0.2836025357246399
GOPR0410_11_00_000154.png,27.95646056400059,0.8603891730308533,0.23947542905807495
GOPR0410_11_00_000155.png,29.033780939797342,0.8843289613723755,0.1621152013540268
GOPR0410_11_00_000156.png,27.58869929070471,0.8421209454536438,0.25684863328933716
GOPR0410_11_00_000157.png,26.18749075204313,0.7958140969276428,0.2714855968952179
GOPR0410_11_00_000158.png,28.168391910370477,0.8620418906211853,0.20790240168571472
GOPR0410_11_00_000159.png,28.305974422793177,0.8450271487236023,0.23839741945266724
GOPR0410_11_00_000160.png,29.31499301636627,0.8960957527160645,0.18785995244979858
GOPR0410_11_00_000161.png,27.247766611621977,0.8326260447502136,0.2830681800842285
GOPR0410_11_00_000162.png,26.13101410363731,0.7880124449729919,0.2987898886203766
GOPR0410_11_00_000163.png,28.479789983412992,0.8548694252967834,0.24333293735980988
GOPR0410_11_00_000164.png,29.222481370861452,0.8784722089767456,0.22880718111991882
GOPR0410_11_00_000165.png,28.24421092487035,0.8570371866226196,0.2343931645154953
GOPR0410_11_00_000166.png,25.198932762556897,0.7981154322624207,0.3089834153652191
GOPR0410_11_00_000167.png,25.801200386074925,0.8018784523010254,0.3090580701828003
GOPR0410_11_00_000168.png,25.037003520613407,0.7938275933265686,0.33840063214302063
GOPR0410_11_00_000169.png,24.683983217192402,0.7746109962463379,0.3455645740032196
GOPR0410_11_00_000170.png,25.7925404502938,0.7996252775192261,0.29978400468826294
GOPR0410_11_00_000171.png,24.938287381348086,0.7637935876846313,0.3905467987060547
GOPR0410_11_00_000172.png,26.731333848361402,0.8306082487106323,0.3252124786376953
GOPR0410_11_00_000173.png,28.82038944141332,0.8710886836051941,0.19855985045433044
GOPR0410_11_00_000174.png,27.40492139111993,0.8324106335639954,0.29595690965652466
GOPR0410_11_00_000175.png,29.049587499667066,0.8746518492698669,0.23108795285224915
GOPR0410_11_00_000176.png,26.375479032094972,0.8203705549240112,0.2859632968902588
GOPR0410_11_00_000177.png,29.199375693429353,0.8905873894691467,0.18399344384670258
GOPR0410_11_00_000178.png,29.373427901304403,0.889978289604187,0.18494810163974762
GOPR0410_11_00_000179.png,29.359547311956696,0.8859753012657166,0.20867739617824554
GOPR0410_11_00_000180.png,27.313472989402943,0.8458965420722961,0.25356030464172363
GOPR0410_11_00_000181.png,27.270109134644883,0.853515625,0.26499244570732117
GOPR0410_11_00_000182.png,26.372452678338433,0.8523387908935547,0.263118177652359
GOPR0410_11_00_000183.png,27.354320106681392,0.8788516521453857,0.22551321983337402
GOPR0410_11_00_000184.png,27.947853220444934,0.8984509706497192,0.19814437627792358
GOPR0410_11_00_000185.png,27.418336417220303,0.8874973058700562,0.2240799367427826
GOPR0410_11_00_000186.png,27.131457503979117,0.8817373514175415,0.22873981297016144
GOPR0410_11_00_000187.png,26.80349676729399,0.8842328786849976,0.23579749464988708
GOPR0410_11_00_000188.png,24.749218541899204,0.8138492107391357,0.34166011214256287
GOPR0410_11_00_000189.png,24.191518246500216,0.7864729166030884,0.3623770475387573
GOPR0410_11_00_000190.png,26.068823653378075,0.859227180480957,0.23963767290115356
GOPR0410_11_00_000191.png,26.545544306327507,0.8747484683990479,0.21561138331890106
GOPR0410_11_00_000192.png,25.934503217664737,0.8689461946487427,0.2326529622077942
GOPR0410_11_00_000193.png,25.65998689343841,0.8564214110374451,0.24787066876888275
GOPR0410_11_00_000194.png,24.726410057897418,0.8082485198974609,0.3339928686618805
GOPR0410_11_00_000195.png,25.33968374630664,0.8540639281272888,0.25233256816864014
GOPR0410_11_00_000196.png,25.090002337545574,0.8348663449287415,0.25730207562446594
GOPR0410_11_00_000197.png,25.389218064163575,0.8294592499732971,0.27077925205230713
GOPR0410_11_00_000198.png,24.521606840300368,0.7849906086921692,0.34715670347213745
GOPR0410_11_00_000199.png,26.10314614448385,0.8721951842308044,0.2251420021057129
GOPR0410_11_00_000200.png,25.812601408210934,0.8554946184158325,0.2690282464027405
GOPR0410_11_00_000201.png,25.78777563584879,0.8588388562202454,0.2575862407684326
GOPR0410_11_00_000202.png,26.232510849170655,0.8749241232872009,0.22139528393745422
GOPR0410_11_00_000203.png,25.206969099907965,0.8326950669288635,0.2650359272956848
GOPR0410_11_00_000204.png,26.033623961134772,0.8736426830291748,0.2271048128604889
GOPR0410_11_00_000205.png,24.991279276807074,0.8417927026748657,0.2811809182167053
GOPR0410_11_00_000206.png,24.279945312290113,0.8265246748924255,0.3169989585876465
GOPR0410_11_00_000207.png,24.184066138256814,0.8231202960014343,0.3262843191623688
GOPR0410_11_00_000208.png,24.237054399602794,0.8246753811836243,0.33024629950523376
GOPR0410_11_00_000209.png,24.396948718011004,0.8387261033058167,0.3021460473537445
GOPR0410_11_00_000210.png,24.161996577897757,0.8287397027015686,0.3113429844379425
GOPR0410_11_00_000211.png,24.91362066598722,0.8703286051750183,0.24766801297664642
GOPR0410_11_00_000212.png,24.968743184000605,0.8539313673973083,0.2450076788663864
GOPR0410_11_00_000213.png,25.53702609595653,0.8485284447669983,0.24911417067050934
GOPR0410_11_00_000214.png,25.263261051127447,0.8599498271942139,0.22880491614341736
GOPR0410_11_00_000215.png,24.020399718389264,0.8018020987510681,0.29625484347343445
GOPR0410_11_00_000216.png,23.954740065035757,0.7648712396621704,0.37098121643066406
GOPR0410_11_00_000217.png,24.274885588996543,0.7914876341819763,0.3291632831096649
GOPR0410_11_00_000218.png,25.519821421473846,0.8463186025619507,0.2553446292877197
GOPR0410_11_00_000219.png,26.193938074191227,0.8623901605606079,0.2498125284910202
GOPR0410_11_00_000220.png,25.616219879281847,0.8515056371688843,0.2971915304660797
GOPR0410_11_00_000221.png,24.542367357926466,0.8121348023414612,0.35500168800354004
GOPR0410_11_00_000222.png,24.824320843216952,0.8075876832008362,0.3473553955554962
GOPR0410_11_00_000223.png,24.6882503268286,0.7977654933929443,0.3339085578918457
GOPR0410_11_00_000224.png,24.651375614735073,0.7944872975349426,0.3417075276374817
GOPR0410_11_00_000225.png,24.48639071344018,0.8271909952163696,0.33656755089759827
GOPR0410_11_00_000226.png,24.37803682325285,0.8239438533782959,0.34964990615844727
GOPR0410_11_00_000227.png,24.005008154438524,0.8007922172546387,0.3432183861732483
GOPR0410_11_00_000228.png,26.10083016109126,0.8835955858230591,0.20215457677841187
GOPR0410_11_00_000229.png,24.07145410668059,0.762678325176239,0.32700589299201965
GOPR0410_11_00_000230.png,26.01283696060637,0.8735131025314331,0.22441509366035461
GOPR0410_11_00_000231.png,25.272479350504526,0.8538787364959717,0.2441893070936203
GOPR0410_11_00_000232.png,23.09896208435035,0.7200513482093811,0.4024601876735687
GOPR0410_11_00_000233.png,22.76642281458259,0.7140722870826721,0.39932262897491455
GOPR0410_11_00_000234.png,23.239135725497423,0.7047218680381775,0.308249294757843
GOPR0854_11_00_000001.png,20.630795122265532,0.6697133779525757,0.4695862829685211
GOPR0854_11_00_000002.png,23.23847305429494,0.7862988114356995,0.24648219347000122
GOPR0854_11_00_000003.png,21.72564388902253,0.6947904825210571,0.3306993842124939
GOPR0854_11_00_000004.png,22.114368898282812,0.7558725476264954,0.33872371912002563
GOPR0854_11_00_000005.png,21.413081861265837,0.7286077737808228,0.3436574935913086
GOPR0854_11_00_000006.png,19.43118310186936,0.6505995988845825,0.5388265252113342
GOPR0854_11_00_000007.png,21.240022350059206,0.6852219104766846,0.40320825576782227
GOPR0854_11_00_000008.png,23.638345602281085,0.7549540400505066,0.4192069172859192
GOPR0854_11_00_000009.png,22.04571384722098,0.7128265500068665,0.3825361430644989
GOPR0854_11_00_000010.png,21.7442805923545,0.6959872841835022,0.4547305405139923
GOPR0854_11_00_000011.png,24.179028127503543,0.8380511999130249,0.26053228974342346
GOPR0854_11_00_000012.png,24.550515296356128,0.845861554145813,0.2730535864830017
GOPR0854_11_00_000013.png,24.039589208115835,0.8019701838493347,0.23296020925045013
GOPR0854_11_00_000014.png,24.018961921341386,0.7983072996139526,0.24247190356254578
GOPR0854_11_00_000015.png,21.98349887024345,0.6993743777275085,0.43173280358314514
GOPR0854_11_00_000016.png,22.50825043140808,0.7827449440956116,0.3097393810749054
GOPR0854_11_00_000017.png,21.363777223847787,0.7190000414848328,0.3457759618759155
GOPR0854_11_00_000018.png,22.706661282679256,0.7842260003089905,0.2712920606136322
GOPR0854_11_00_000019.png,22.32064557987207,0.7290535569190979,0.27916115522384644
GOPR0854_11_00_000020.png,22.60806947117559,0.7349869608879089,0.42896559834480286
GOPR0854_11_00_000021.png,22.834946403207095,0.7404145002365112,0.2988705039024353
GOPR0854_11_00_000022.png,31.045667688982522,0.9432662129402161,0.0970648005604744
GOPR0854_11_00_000023.png,24.95221147832083,0.8086085915565491,0.2611044645309448
GOPR0854_11_00_000024.png,23.338085895876944,0.7443389296531677,0.3545503318309784
GOPR0854_11_00_000025.png,23.111086561061015,0.744037389755249,0.38510316610336304
GOPR0854_11_00_000026.png,22.423488431878354,0.7303280234336853,0.497736394405365
GOPR0854_11_00_000027.png,18.673316896881747,0.6369460225105286,0.5285452008247375
GOPR0854_11_00_000028.png,19.534573062750987,0.6444748044013977,0.5020915865898132
GOPR0854_11_00_000029.png,24.57617409466883,0.8175694346427917,0.2670026123523712
GOPR0854_11_00_000030.png,21.862309390531255,0.6954161524772644,0.3673518896102905
GOPR0854_11_00_000031.png,25.61231797592182,0.8210017681121826,0.21506185829639435
GOPR0854_11_00_000032.png,22.354653306412867,0.7133733630180359,0.35826581716537476
GOPR0854_11_00_000033.png,22.292994351940546,0.7197165489196777,0.4004935622215271
GOPR0854_11_00_000034.png,21.790771555124127,0.6822988986968994,0.45131534337997437
GOPR0854_11_00_000035.png,28.524143337419787,0.9053084254264832,0.195523202419281
GOPR0854_11_00_000036.png,22.04520127392856,0.7029390335083008,0.4100823998451233
GOPR0854_11_00_000037.png,24.680311005418147,0.8478347659111023,0.21572721004486084
GOPR0854_11_00_000038.png,24.679743570910002,0.822289764881134,0.3988766074180603
GOPR0854_11_00_000039.png,21.50193300690391,0.7031896114349365,0.3775101602077484
GOPR0854_11_00_000040.png,20.898733509598962,0.6700875163078308,0.3602229952812195
GOPR0854_11_00_000041.png,22.284745903802886,0.7219707369804382,0.32072028517723083
GOPR0854_11_00_000042.png,22.010929793221166,0.7130448818206787,0.34888094663619995
GOPR0854_11_00_000043.png,21.211256088947465,0.6947355270385742,0.5508453845977783
GOPR0854_11_00_000044.png,23.272474440491276,0.7535103559494019,0.3453758656978607
GOPR0854_11_00_000045.png,25.71418160055023,0.8461993336677551,0.2650749683380127
GOPR0854_11_00_000046.png,27.795269378372197,0.8994682431221008,0.1747952103614807
GOPR0854_11_00_000047.png,22.71444013559139,0.7271138429641724,0.3707335591316223
GOPR0854_11_00_000048.png,23.451773224892477,0.7438839077949524,0.37675249576568604
GOPR0854_11_00_000049.png,27.39139479373432,0.8787505626678467,0.25338685512542725
GOPR0854_11_00_000050.png,20.457458124931303,0.6704685688018799,0.5225154161453247
GOPR0854_11_00_000051.png,23.53809550709518,0.776305079460144,0.2938811182975769
GOPR0854_11_00_000052.png,23.679106416404938,0.757402241230011,0.3129514753818512
GOPR0854_11_00_000053.png,27.451855488604366,0.8941668272018433,0.1505383849143982
GOPR0854_11_00_000054.png,22.27306226471675,0.7152063250541687,0.40379399061203003
GOPR0854_11_00_000055.png,23.268112666114078,0.752713143825531,0.30650728940963745
GOPR0854_11_00_000056.png,24.98883509946049,0.8182222247123718,0.2538447678089142
GOPR0854_11_00_000057.png,23.332473209179525,0.7415586709976196,0.32366302609443665
GOPR0854_11_00_000058.png,25.040097851673,0.7918274402618408,0.23137222230434418
GOPR0854_11_00_000059.png,23.888938124645264,0.7451255321502686,0.38920125365257263
GOPR0854_11_00_000060.png,24.81093436355899,0.7756213545799255,0.31512314081192017
GOPR0854_11_00_000061.png,26.761018866505175,0.8400726914405823,0.31742823123931885
GOPR0854_11_00_000062.png,26.49519425162397,0.841709315776825,0.23759189248085022
GOPR0854_11_00_000063.png,21.456627250270294,0.6941516995429993,0.4066632091999054
GOPR0854_11_00_000064.png,24.112531395952985,0.8208993673324585,0.2822225093841553
GOPR0854_11_00_000065.png,22.229172181254498,0.7255953550338745,0.3119394779205322
GOPR0854_11_00_000066.png,24.860640711741336,0.7947473526000977,0.3415071666240692
GOPR0854_11_00_000067.png,30.28548454320645,0.9271824359893799,0.13016971945762634
GOPR0854_11_00_000068.png,25.64988263409497,0.8366013765335083,0.3385225236415863
GOPR0854_11_00_000069.png,25.68950631968077,0.8238434195518494,0.3088434040546417
GOPR0854_11_00_000070.png,25.467199662342548,0.8188179135322571,0.2445986270904541
GOPR0854_11_00_000071.png,23.45270701394735,0.7506752610206604,0.3251378536224365
GOPR0854_11_00_000072.png,22.225818067314943,0.7098924517631531,0.4323776066303253
GOPR0854_11_00_000073.png,23.753136311586616,0.7689760327339172,0.32949674129486084
GOPR0854_11_00_000074.png,27.246129740992195,0.8895970582962036,0.17517773807048798
GOPR0854_11_00_000075.png,22.932727129738296,0.7295660376548767,0.40079835057258606
GOPR0854_11_00_000076.png,21.760353976473002,0.7086546421051025,0.48196327686309814
GOPR0854_11_00_000077.png,25.513391817688557,0.8554542660713196,0.22282864153385162
GOPR0854_11_00_000078.png,22.98997449245615,0.7573801279067993,0.4069090783596039
GOPR0854_11_00_000079.png,23.087541067422123,0.7686524987220764,0.3401676118373871
GOPR0854_11_00_000080.png,22.537163603306634,0.7476522922515869,0.3387487530708313
GOPR0854_11_00_000081.png,21.801964263435668,0.7351511120796204,0.4858548939228058
GOPR0854_11_00_000082.png,23.083146894436105,0.7542828917503357,0.401599645614624
GOPR0854_11_00_000083.png,28.63310923227396,0.9158114194869995,0.19022095203399658
GOPR0854_11_00_000084.png,22.271738875274206,0.7158346772193909,0.4358648359775543
GOPR0854_11_00_000085.png,22.262948853135054,0.7431703805923462,0.3271567225456238
GOPR0854_11_00_000086.png,23.278459774315102,0.7984116673469543,0.2770865857601166
GOPR0854_11_00_000087.png,22.338462994565237,0.7487928867340088,0.293502539396286
GOPR0854_11_00_000088.png,22.64797329288793,0.7683165073394775,0.4204135835170746
GOPR0854_11_00_000089.png,21.738161010197842,0.7175003886222839,0.38618743419647217
GOPR0854_11_00_000090.png,19.61431176393408,0.6489484906196594,0.41739144921302795
GOPR0854_11_00_000091.png,20.793954461127313,0.7264530658721924,0.3378574252128601
GOPR0854_11_00_000092.png,23.468334849056944,0.7881507873535156,0.2359326183795929
GOPR0854_11_00_000093.png,20.846735342986847,0.690941333770752,0.5190144777297974
GOPR0854_11_00_000094.png,24.10419034419054,0.8094967007637024,0.3032783567905426
GOPR0854_11_00_000095.png,25.12473541115158,0.8106409311294556,0.2802579998970032
GOPR0854_11_00_000096.png,24.312700533413505,0.790022611618042,0.3479127883911133
GOPR0854_11_00_000097.png,22.441405490399458,0.7363939881324768,0.40980324149131775
GOPR0854_11_00_000098.png,22.532607590203764,0.7442277669906616,0.41425198316574097
GOPR0854_11_00_000099.png,22.752232796194093,0.7605485916137695,0.4038848578929901
GOPR0854_11_00_000100.png,27.19317642251959,0.8661014437675476,0.2577687203884125
GOPR0862_11_00_000001.png,25.836051245031403,0.8694400787353516,0.20313116908073425
GOPR0862_11_00_000002.png,27.111757521877784,0.8953166604042053,0.24067309498786926
GOPR0862_11_00_000003.png,25.850159543946223,0.8726338148117065,0.2963777184486389
GOPR0862_11_00_000004.png,23.983637168119373,0.8119237422943115,0.3053731322288513
GOPR0862_11_00_000005.png,26.756406150530925,0.9035477042198181,0.16154491901397705
GOPR0862_11_00_000006.png,22.471424512823578,0.735297679901123,0.34621572494506836
GOPR0862_11_00_000007.png,23.622620167600008,0.7946031093597412,0.3268119692802429
GOPR0862_11_00_000008.png,21.797019181054775,0.7060173153877258,0.3781435489654541
GOPR0862_11_00_000009.png,26.49843026713768,0.8865531086921692,0.1749606430530548
GOPR0862_11_00_000010.png,25.539370631688026,0.8397480845451355,0.2706122398376465
GOPR0862_11_00_000011.png,26.05733544853524,0.8745496273040771,0.261020302772522
GOPR0862_11_00_000012.png,24.25463099921306,0.7906599044799805,0.2799600064754486
GOPR0862_11_00_000013.png,25.07905406968943,0.8331170678138733,0.2824745774269104
GOPR0862_11_00_000014.png,23.700204467800198,0.7915953397750854,0.38693079352378845
GOPR0862_11_00_000015.png,23.040002774420152,0.78570157289505,0.29059669375419617
GOPR0862_11_00_000016.png,20.7884113182546,0.7098385095596313,0.4679739475250244
GOPR0862_11_00_000017.png,21.442407971617016,0.699282705783844,0.42968833446502686
GOPR0862_11_00_000018.png,20.145968818433268,0.6636645793914795,0.4362132251262665
GOPR0862_11_00_000019.png,20.274110765473576,0.6915531158447266,0.5173317790031433
GOPR0862_11_00_000020.png,24.02410100174258,0.8153305649757385,0.2468855082988739
GOPR0862_11_00_000021.png,20.223288792659222,0.6782832145690918,0.5019075274467468
GOPR0862_11_00_000022.png,20.915678797831752,0.6967213749885559,0.44489535689353943
GOPR0862_11_00_000023.png,22.666406250278843,0.7636606693267822,0.3276047706604004
GOPR0862_11_00_000024.png,26.37912898666226,0.8726444840431213,0.20011404156684875
GOPR0862_11_00_000025.png,22.975338949181424,0.7598099112510681,0.3559415936470032
GOPR0862_11_00_000026.png,24.899978438205448,0.8114929795265198,0.32424288988113403
GOPR0862_11_00_000027.png,23.133989162611684,0.7413769364356995,0.38901287317276
GOPR0862_11_00_000028.png,26.630902118091576,0.8672158718109131,0.2799970507621765
GOPR0862_11_00_000029.png,24.202938755763448,0.8037168979644775,0.30978745222091675
GOPR0862_11_00_000030.png,24.552051979926727,0.8515028357505798,0.24284304678440094
GOPR0862_11_00_000031.png,20.967588992770068,0.692761242389679,0.37661731243133545
GOPR0862_11_00_000032.png,22.072116457668898,0.7558110952377319,0.29463768005371094
GOPR0862_11_00_000033.png,20.725021895241436,0.6957926750183105,0.47608667612075806
GOPR0862_11_00_000034.png,25.71683386793076,0.8615736365318298,0.20624248683452606
GOPR0862_11_00_000035.png,26.85081146353373,0.8692936301231384,0.26153379678726196
GOPR0862_11_00_000036.png,24.181930804122555,0.7867594361305237,0.28475701808929443
GOPR0862_11_00_000037.png,22.656895165121046,0.7458081245422363,0.37051084637641907
GOPR0862_11_00_000038.png,22.626840701137994,0.7432623505592346,0.43414217233657837
GOPR0862_11_00_000039.png,22.892012636349655,0.7487922310829163,0.3950682580471039
GOPR0862_11_00_000040.png,22.789424714908,0.7890127897262573,0.3995933532714844
GOPR0862_11_00_000041.png,20.486963269125607,0.6883484125137329,0.45950978994369507
GOPR0862_11_00_000042.png,22.40660017275205,0.7718053460121155,0.25590962171554565
GOPR0862_11_00_000043.png,19.77444587572593,0.686386227607727,0.4256753921508789
GOPR0862_11_00_000044.png,21.223646823585504,0.7496638894081116,0.32770082354545593
GOPR0862_11_00_000045.png,19.25729476883471,0.6729386448860168,0.5379746556282043
GOPR0862_11_00_000046.png,20.546741602023033,0.7122420072555542,0.47877073287963867
GOPR0862_11_00_000047.png,26.007550115368844,0.876699686050415,0.22149917483329773
GOPR0862_11_00_000048.png,23.924047531282362,0.830235481262207,0.33219558000564575
GOPR0862_11_00_000049.png,22.670385126343827,0.7729635834693909,0.3062467575073242
GOPR0862_11_00_000050.png,21.286570227806223,0.718492865562439,0.40941113233566284
GOPR0862_11_00_000051.png,21.864670269119735,0.7289294600486755,0.3920029401779175
GOPR0862_11_00_000052.png,26.179723467854664,0.869306743144989,0.263189435005188
GOPR0862_11_00_000053.png,22.187002283749656,0.7407627701759338,0.3443697690963745
GOPR0862_11_00_000054.png,23.850524242018412,0.8202126622200012,0.26069068908691406
GOPR0862_11_00_000055.png,20.540871959885592,0.7085144519805908,0.35199129581451416
GOPR0862_11_00_000056.png,19.05883904914265,0.638342559337616,0.46431684494018555
GOPR0862_11_00_000057.png,21.65676815897684,0.7515043616294861,0.4144400358200073
GOPR0862_11_00_000058.png,26.411423969728762,0.8808965086936951,0.23088860511779785
GOPR0862_11_00_000059.png,24.10830690821076,0.8053948879241943,0.29700911045074463
GOPR0862_11_00_000060.png,22.44931291898567,0.7433292269706726,0.4140390455722809
GOPR0862_11_00_000061.png,22.60827573294614,0.7559394240379333,0.453139066696167
GOPR0862_11_00_000062.png,21.76884513260451,0.7225363254547119,0.4728664457798004
GOPR0862_11_00_000063.png,20.41277897213869,0.6938474774360657,0.5481369495391846
GOPR0862_11_00_000064.png,21.313283759689927,0.7261742353439331,0.5015480518341064
GOPR0862_11_00_000065.png,19.324963957556623,0.6667790412902832,0.5199935436248779
GOPR0862_11_00_000066.png,22.778676666747618,0.8135059475898743,0.25373575091362
GOPR0862_11_00_000067.png,19.970378872665698,0.6923065185546875,0.42110586166381836
GOPR0862_11_00_000068.png,20.483326779346616,0.7126125693321228,0.37587982416152954
GOPR0862_11_00_000069.png,19.234231616495066,0.656351625919342,0.4192681312561035
GOPR0862_11_00_000070.png,21.71308396718887,0.756626546382904,0.30054983496665955
GOPR0862_11_00_000071.png,22.955001768501457,0.7747570276260376,0.34366267919540405
GOPR0862_11_00_000072.png,22.585381864601885,0.7728119492530823,0.40779680013656616
GOPR0862_11_00_000073.png,24.980256037076607,0.8510900139808655,0.2946173846721649
GOPR0862_11_00_000074.png,25.10629723424173,0.8595128059387207,0.2729721665382385
GOPR0862_11_00_000075.png,21.598196360160284,0.7262710928916931,0.45328763127326965
GOPR0862_11_00_000076.png,26.781120726230377,0.9080408215522766,0.1660899668931961
GOPR0862_11_00_000077.png,23.233251303891166,0.8168891072273254,0.28612011671066284
GOPR0868_11_00_000001.png,24.529519629717875,0.8894851207733154,0.2547520697116852
GOPR0868_11_00_000002.png,23.260770121961578,0.8630273342132568,0.2878340482711792
GOPR0868_11_00_000003.png,22.054428588581946,0.8375784754753113,0.359283983707428
GOPR0868_11_00_000004.png,21.406104775610075,0.8207374811172485,0.39634907245635986
GOPR0868_11_00_000005.png,21.15058967112679,0.7960129976272583,0.4035257399082184
GOPR0868_11_00_000006.png,20.966525293618705,0.800345778465271,0.40538308024406433
GOPR0868_11_00_000007.png,21.39567466483451,0.8143196702003479,0.40407794713974
GOPR0868_11_00_000008.png,21.52167263173389,0.816381573677063,0.37467193603515625
GOPR0868_11_00_000009.png,21.877826239256354,0.8296330571174622,0.37122079730033875
GOPR0868_11_00_000010.png,22.185996144933256,0.8320394158363342,0.30201128125190735
GOPR0868_11_00_000011.png,19.91787287841531,0.7585424780845642,0.3584511876106262
GOPR0868_11_00_000012.png,19.610086778181323,0.7354496717453003,0.542182207107544
GOPR0868_11_00_000013.png,20.186795247438564,0.7579265236854553,0.4901992082595825
GOPR0868_11_00_000014.png,20.826348031615805,0.7783783674240112,0.4528317451477051
GOPR0868_11_00_000015.png,21.40700984374756,0.7969456315040588,0.41911205649375916
GOPR0868_11_00_000016.png,20.98969758294693,0.8005924224853516,0.45591482520103455
GOPR0868_11_00_000017.png,21.41968010515749,0.7996681332588196,0.39457499980926514
GOPR0868_11_00_000018.png,22.317488441597483,0.8340426087379456,0.32410216331481934
GOPR0868_11_00_000019.png,26.531801597842076,0.9245327115058899,0.17287395894527435
GOPR0868_11_00_000020.png,24.66787425510781,0.8893457055091858,0.2443116307258606
GOPR0868_11_00_000021.png,21.108732575957493,0.7829180955886841,0.39576712250709534
GOPR0868_11_00_000022.png,19.742445506416882,0.751660168170929,0.47866007685661316
GOPR0868_11_00_000023.png,19.980266971204948,0.7538345456123352,0.4710783362388611
GOPR0868_11_00_000024.png,20.00771097414637,0.7635999917984009,0.42529070377349854
GOPR0868_11_00_000025.png,18.88638957107026,0.7205808758735657,0.5818101167678833
GOPR0868_11_00_000026.png,19.486991173765183,0.7434195280075073,0.5643568634986877
GOPR0868_11_00_000027.png,19.58451503907425,0.7437219619750977,0.5285914540290833
GOPR0868_11_00_000028.png,20.92521082924218,0.7903386950492859,0.457437664270401
GOPR0868_11_00_000029.png,20.359818979255667,0.7753311395645142,0.49499887228012085
GOPR0868_11_00_000030.png,20.30001035750125,0.7870883941650391,0.4109176695346832
GOPR0868_11_00_000031.png,21.90125794730472,0.8236397504806519,0.40852463245391846
GOPR0868_11_00_000032.png,20.823950709648216,0.8030946850776672,0.44483500719070435
GOPR0868_11_00_000033.png,21.914768666346994,0.8270236253738403,0.4299321174621582
GOPR0868_11_00_000034.png,21.163269400329913,0.811352014541626,0.4482819437980652
GOPR0868_11_00_000035.png,21.222482763601896,0.8063802123069763,0.43684571981430054
GOPR0868_11_00_000036.png,20.64601420344062,0.802180290222168,0.42785534262657166
GOPR0868_11_00_000037.png,20.30373402780028,0.7933762073516846,0.4692647457122803
GOPR0868_11_00_000038.png,21.542377904176327,0.8245021104812622,0.42232877016067505
GOPR0868_11_00_000039.png,19.62151931972292,0.7621161341667175,0.551195502281189
GOPR0868_11_00_000040.png,21.809284646475277,0.8089260458946228,0.49403536319732666
GOPR0868_11_00_000041.png,20.0382166786964,0.7675898671150208,0.5267526507377625
GOPR0868_11_00_000042.png,21.65433514806069,0.8268566131591797,0.3669424057006836
GOPR0868_11_00_000043.png,23.408569053795027,0.8659449815750122,0.3252895176410675
GOPR0868_11_00_000044.png,22.2118518069237,0.8347166180610657,0.33465802669525146
GOPR0868_11_00_000045.png,21.61415048054326,0.7937518358230591,0.4010971486568451
GOPR0868_11_00_000046.png,27.36826376589706,0.9361483454704285,0.1297845095396042
GOPR0868_11_00_000047.png,31.05633112560296,0.9593839645385742,0.13220281898975372
GOPR0868_11_00_000048.png,25.622995230280633,0.8836781978607178,0.24908499419689178
GOPR0868_11_00_000049.png,20.02136738445604,0.7654693126678467,0.48414576053619385
GOPR0868_11_00_000050.png,25.895314253415208,0.9081392884254456,0.1965615451335907
GOPR0868_11_00_000051.png,23.375716524347997,0.8372182250022888,0.3325488567352295
GOPR0868_11_00_000052.png,21.880826515995125,0.8280857801437378,0.30454021692276
GOPR0868_11_00_000053.png,19.641152089890454,0.7557552456855774,0.5158174633979797
GOPR0868_11_00_000054.png,23.131994655307594,0.8584867119789124,0.2810077965259552
GOPR0868_11_00_000055.png,24.292874871033533,0.8699542284011841,0.25878745317459106
GOPR0868_11_00_000056.png,29.017554566870118,0.950403094291687,0.11554613709449768
GOPR0868_11_00_000057.png,28.360270347576076,0.9260768294334412,0.1614452451467514
GOPR0868_11_00_000058.png,27.198715571894716,0.916577935218811,0.2126324325799942
GOPR0868_11_00_000059.png,21.519598596695943,0.7972071170806885,0.46229252219200134
GOPR0868_11_00_000060.png,24.25455098262258,0.8615603446960449,0.36072754859924316
GOPR0868_11_00_000061.png,32.99136676049608,0.9768344759941101,0.04029112309217453
GOPR0868_11_00_000062.png,28.563686817873794,0.9533465504646301,0.10714301466941833
GOPR0868_11_00_000063.png,28.03099170935478,0.9416238069534302,0.15198788046836853
GOPR0868_11_00_000064.png,23.23981866831136,0.8402260541915894,0.34788399934768677
GOPR0868_11_00_000065.png,21.784293517346057,0.8264151215553284,0.4219512939453125
GOPR0868_11_00_000066.png,21.17334405365274,0.7997807264328003,0.46084320545196533
GOPR0868_11_00_000067.png,21.188861272132534,0.8055152297019958,0.38620060682296753
GOPR0868_11_00_000068.png,24.28682695631609,0.8601627349853516,0.3598632216453552
GOPR0868_11_00_000069.png,25.184198623661462,0.900617778301239,0.21389442682266235
GOPR0868_11_00_000070.png,23.20568754594852,0.8209201097488403,0.34333667159080505
GOPR0868_11_00_000071.png,21.986085416834094,0.8186622858047485,0.4023243486881256
GOPR0868_11_00_000072.png,22.240709329040484,0.8207680583000183,0.4473966658115387
GOPR0868_11_00_000073.png,22.133297387827028,0.8175596594810486,0.4212954640388489
GOPR0868_11_00_000074.png,25.693836060155256,0.8900781273841858,0.3091087341308594
GOPR0868_11_00_000075.png,22.866171286703583,0.8587494492530823,0.2637588083744049
GOPR0868_11_00_000076.png,23.996297692755782,0.8788776993751526,0.2648981511592865
GOPR0868_11_00_000077.png,24.40944541201786,0.886552095413208,0.19262684881687164
GOPR0868_11_00_000078.png,21.816392277220253,0.8129192590713501,0.42022091150283813
GOPR0868_11_00_000079.png,23.926522309159573,0.8718803524971008,0.22492022812366486
GOPR0868_11_00_000080.png,25.19900441732557,0.9012731313705444,0.1828305721282959
GOPR0868_11_00_000081.png,20.527423128208863,0.7998342514038086,0.49757736921310425
GOPR0868_11_00_000082.png,23.744392071953637,0.8819260597229004,0.2958377003669739
GOPR0868_11_00_000083.png,23.990829603491328,0.875278115272522,0.32307571172714233
GOPR0868_11_00_000084.png,21.73709700678518,0.8254144787788391,0.44544458389282227
GOPR0868_11_00_000085.png,25.938530834482908,0.9081451892852783,0.27997446060180664
GOPR0868_11_00_000086.png,22.308209103051357,0.8298278450965881,0.4275868535041809
GOPR0868_11_00_000087.png,25.191199656789152,0.9126315712928772,0.22054098546504974
GOPR0868_11_00_000088.png,23.842788767116957,0.8664692044258118,0.27463728189468384
GOPR0868_11_00_000089.png,21.79317017062855,0.8430161476135254,0.3313885033130646
GOPR0868_11_00_000090.png,21.312768304342818,0.8128572702407837,0.35012495517730713
GOPR0868_11_00_000091.png,21.12115502772982,0.8367637991905212,0.4335571527481079
GOPR0868_11_00_000092.png,27.622719363779634,0.9409459829330444,0.24141281843185425
GOPR0868_11_00_000093.png,21.41242716534215,0.830224871635437,0.4664687514305115
GOPR0868_11_00_000094.png,22.242079016721476,0.8490710258483887,0.4451495409011841
GOPR0868_11_00_000095.png,21.660264587245216,0.832556426525116,0.4586045742034912
GOPR0868_11_00_000096.png,23.253354927950358,0.863650381565094,0.404622882604599
GOPR0868_11_00_000097.png,23.986227434273886,0.8849520683288574,0.4087435007095337
GOPR0868_11_00_000098.png,20.91255155950579,0.8150689005851746,0.4621737003326416
GOPR0868_11_00_000099.png,29.14510470197503,0.953547477722168,0.10296102613210678
GOPR0868_11_00_000100.png,23.097548020214322,0.8396015167236328,0.3670470416545868
GOPR0869_11_00_000001.png,27.128537185352776,0.8578830361366272,0.28070032596588135
GOPR0869_11_00_000002.png,28.726391619172777,0.8873413801193237,0.22992557287216187
GOPR0869_11_00_000003.png,27.211957654355942,0.8538116812705994,0.21397943794727325
GOPR0869_11_00_000004.png,32.59737551023128,0.95181804895401,0.11345186829566956
GOPR0869_11_00_000005.png,27.37004711972308,0.8701972961425781,0.25006699562072754
GOPR0869_11_00_000006.png,24.935439675168052,0.7932814359664917,0.39114677906036377
GOPR0869_11_00_000007.png,26.305123988957412,0.8352580666542053,0.31660178303718567
GOPR0869_11_00_000008.png,26.213516605366294,0.8524702787399292,0.32026612758636475
GOPR0869_11_00_000009.png,23.47097889664454,0.7623931169509888,0.44584909081459045
GOPR0869_11_00_000010.png,26.550123221047652,0.8560436367988586,0.2873903512954712
GOPR0869_11_00_000011.png,23.9322164184903,0.7702050805091858,0.4003547132015228
GOPR0869_11_00_000012.png,27.206321080804866,0.8677931427955627,0.3026934564113617
GOPR0869_11_00_000013.png,31.451997667502898,0.9399534463882446,0.10935604572296143
GOPR0869_11_00_000014.png,26.500904374755727,0.8528544306755066,0.2522607445716858
GOPR0869_11_00_000015.png,26.15527548467455,0.8424566984176636,0.3298577070236206
GOPR0869_11_00_000016.png,24.694575323097535,0.7966597676277161,0.4035762548446655
GOPR0869_11_00_000017.png,22.989551818566856,0.762000322341919,0.5120760202407837
GOPR0869_11_00_000018.png,22.5743390253828,0.744198739528656,0.44621068239212036
GOPR0869_11_00_000019.png,28.027730549762534,0.9173862338066101,0.1428147703409195
GOPR0869_11_00_000020.png,27.027534821230233,0.8572987914085388,0.2853654623031616
GOPR0869_11_00_000021.png,26.370951991986846,0.8758760094642639,0.21916602551937103
GOPR0869_11_00_000022.png,22.028926838244406,0.7545205950737,0.5087820291519165
GOPR0869_11_00_000023.png,22.586367288147162,0.7566484808921814,0.4535353481769562
GOPR0869_11_00_000024.png,22.96493339210548,0.7449228763580322,0.4279446601867676
GOPR0869_11_00_000025.png,22.743036678238013,0.7601692080497742,0.44176530838012695
GOPR0869_11_00_000026.png,29.398793391752093,0.9262051582336426,0.1284935176372528
GOPR0869_11_00_000027.png,24.12428714221937,0.7774308919906616,0.4080044627189636
GOPR0869_11_00_000028.png,23.6985072940207,0.7702537178993225,0.4267181158065796
GOPR0869_11_00_000029.png,23.251459488691594,0.7577787637710571,0.4561311900615692
GOPR0869_11_00_000030.png,22.064463168467974,0.739473819732666,0.4627317488193512
GOPR0869_11_00_000031.png,27.49697294473975,0.9100421071052551,0.14857740700244904
GOPR0869_11_00_000032.png,23.475671973119397,0.7609163522720337,0.3154429793357849
GOPR0869_11_00_000033.png,22.11022466561552,0.7439998984336853,0.4755086600780487
GOPR0869_11_00_000034.png,21.07822535464596,0.7124422192573547,0.5706893801689148
GOPR0869_11_00_000035.png,24.082584501372324,0.8074927926063538,0.40106210112571716
GOPR0869_11_00_000036.png,23.708002119276067,0.7889536023139954,0.4540833830833435
GOPR0869_11_00_000037.png,24.645538195862855,0.8107210397720337,0.356640100479126
GOPR0869_11_00_000038.png,27.68219122513164,0.9002618789672852,0.18250441551208496
GOPR0869_11_00_000039.png,27.022047204984766,0.8962141871452332,0.16455072164535522
GOPR0869_11_00_000040.png,23.469109876746522,0.7936303019523621,0.36487072706222534
GOPR0869_11_00_000041.png,21.97631168928122,0.7645478248596191,0.5082727670669556
GOPR0869_11_00_000042.png,21.460192926607185,0.7550907731056213,0.48030078411102295
GOPR0869_11_00_000043.png,21.407305436891676,0.7210378050804138,0.32253190875053406
GOPR0869_11_00_000044.png,22.690558832396796,0.7889628410339355,0.2980394661426544
GOPR0869_11_00_000045.png,20.666524337209417,0.69203782081604,0.36458826065063477
GOPR0869_11_00_000046.png,22.244710424415498,0.740936815738678,0.3997395634651184
GOPR0869_11_00_000047.png,23.217125191729128,0.7671748399734497,0.38128992915153503
GOPR0869_11_00_000048.png,22.22177257967509,0.7462814450263977,0.43357130885124207
GOPR0869_11_00_000049.png,28.409192829630385,0.9299800395965576,0.1970825493335724
GOPR0869_11_00_000050.png,30.66413711225517,0.9482937455177307,0.09103353321552277
GOPR0869_11_00_000051.png,26.069722448981235,0.8493639826774597,0.275010883808136
GOPR0869_11_00_000052.png,26.822536274399262,0.8881036639213562,0.22522032260894775
GOPR0869_11_00_000053.png,25.437329191782986,0.844836950302124,0.24609702825546265
GOPR0869_11_00_000054.png,21.151404693743594,0.7184046506881714,0.4935750961303711
GOPR0869_11_00_000055.png,22.641218560490543,0.766443133354187,0.26392123103141785
GOPR0869_11_00_000056.png,23.123442176921905,0.7838375568389893,0.2740090489387512
GOPR0869_11_00_000057.png,21.723864988854945,0.723353922367096,0.3577282726764679
GOPR0869_11_00_000058.png,22.962460962845572,0.7838054895401001,0.42898720502853394
GOPR0869_11_00_000059.png,26.241103428999608,0.8767746090888977,0.23818689584732056
GOPR0869_11_00_000060.png,25.187549106704374,0.8509445786476135,0.2363431304693222
GOPR0869_11_00_000061.png,25.56450563310556,0.8592199087142944,0.2165246456861496
GOPR0869_11_00_000062.png,27.864083946388828,0.9055733680725098,0.17245137691497803
GOPR0869_11_00_000063.png,24.587435702272742,0.8243879079818726,0.28452080488204956
GOPR0869_11_00_000064.png,23.52326335244848,0.8007845282554626,0.3910844326019287
GOPR0869_11_00_000065.png,22.641025931241924,0.768632173538208,0.48008161783218384
GOPR0869_11_00_000066.png,23.44548203856226,0.7754788994789124,0.3373461961746216
GOPR0869_11_00_000067.png,26.466493069019638,0.8625792860984802,0.21698415279388428
GOPR0869_11_00_000068.png,27.512102719354843,0.8853515386581421,0.23108495771884918
GOPR0869_11_00_000069.png,24.529178029381523,0.8002312779426575,0.3034302592277527
GOPR0869_11_00_000070.png,29.81509337750744,0.9371355772018433,0.13178610801696777
GOPR0869_11_00_000071.png,28.051241132124982,0.9200356006622314,0.14296266436576843
GOPR0869_11_00_000072.png,24.064164930148152,0.7976441383361816,0.37826889753341675
GOPR0869_11_00_000073.png,24.93443475326267,0.8310065865516663,0.31771206855773926
GOPR0869_11_00_000074.png,24.702003179620384,0.8185603618621826,0.36442774534225464
GOPR0869_11_00_000075.png,28.124910515501973,0.9088445901870728,0.2478933036327362
GOPR0869_11_00_000076.png,27.064068802950626,0.8847405910491943,0.29490983486175537
GOPR0869_11_00_000077.png,24.371707772160068,0.800115168094635,0.346976637840271
GOPR0869_11_00_000078.png,32.654864729361776,0.964681088924408,0.0776614099740982
GOPR0869_11_00_000079.png,23.49714349037947,0.775131106376648,0.32014700770378113
GOPR0869_11_00_000080.png,25.187648921812528,0.8208969831466675,0.24148643016815186
GOPR0869_11_00_000081.png,22.22770617307517,0.7507728338241577,0.496965616941452
GOPR0869_11_00_000082.png,23.983160972838398,0.790658175945282,0.33469492197036743
GOPR0869_11_00_000083.png,25.268660858407365,0.8359680771827698,0.35309237241744995
GOPR0869_11_00_000084.png,27.191655387151236,0.9050509929656982,0.14283835887908936
GOPR0869_11_00_000085.png,25.035929077990087,0.827111542224884,0.3397692143917084
GOPR0869_11_00_000086.png,28.06904024115306,0.8963558673858643,0.23388299345970154
GOPR0869_11_00_000087.png,23.47536282855495,0.788766622543335,0.4315831661224365
GOPR0869_11_00_000088.png,24.127108356348216,0.8077866435050964,0.4171863794326782
GOPR0869_11_00_000089.png,23.699721861081287,0.8057306408882141,0.4001770615577698
GOPR0869_11_00_000090.png,26.391992685479376,0.8767663240432739,0.21232296526432037
GOPR0869_11_00_000091.png,21.493637059668558,0.7507323026657104,0.4202193319797516
GOPR0869_11_00_000092.png,23.84855470353742,0.8241055607795715,0.243064284324646
GOPR0869_11_00_000093.png,25.742946248727424,0.8911432027816772,0.20292145013809204
GOPR0869_11_00_000094.png,23.937240060806005,0.8284960985183716,0.3472649157047272
GOPR0869_11_00_000095.png,24.7652373980331,0.8455871343612671,0.3399312496185303
GOPR0869_11_00_000096.png,23.37908857318257,0.8103745579719543,0.37795835733413696
GOPR0869_11_00_000097.png,23.17078655388251,0.7938480973243713,0.41541048884391785
GOPR0869_11_00_000098.png,22.082764520067556,0.7808447480201721,0.46019840240478516
GOPR0869_11_00_000099.png,23.337922160110168,0.8212661147117615,0.35088181495666504
GOPR0869_11_00_000100.png,24.235871958777544,0.8306578993797302,0.3434269428253174
GOPR0871_11_00_000001.png,23.807751890479526,0.855886697769165,0.3520202040672302
GOPR0871_11_00_000002.png,24.766885154496194,0.8753551840782166,0.3427377939224243
GOPR0871_11_00_000003.png,25.377716887755938,0.8909646272659302,0.2838858366012573
GOPR0871_11_00_000004.png,23.176510119896314,0.8477522730827332,0.37416669726371765
GOPR0871_11_00_000005.png,22.690719319788787,0.8315107822418213,0.44374266266822815
GOPR0871_11_00_000006.png,21.356411011920734,0.8059371113777161,0.48201707005500793
GOPR0871_11_00_000007.png,18.388328338997074,0.7235903739929199,0.5446231961250305
GOPR0871_11_00_000008.png,19.60713719355288,0.7676386833190918,0.5379800796508789
GOPR0871_11_00_000009.png,20.165358966981305,0.7747936248779297,0.5280960202217102
GOPR0871_11_00_000010.png,19.30133823405132,0.7581399083137512,0.5343040823936462
GOPR0871_11_00_000011.png,19.56759737091932,0.7656552791595459,0.5312542915344238
GOPR0871_11_00_000012.png,20.09251080435127,0.7715407013893127,0.5283480286598206
GOPR0871_11_00_000013.png,20.36260213300169,0.7696396708488464,0.48965775966644287
GOPR0871_11_00_000014.png,21.481120462989654,0.788925051689148,0.48025059700012207
GOPR0871_11_00_000015.png,22.233170320289155,0.8014129400253296,0.47660180926322937
GOPR0871_11_00_000016.png,23.39022162682273,0.8337509036064148,0.3927479386329651
GOPR0871_11_00_000017.png,22.994422548663497,0.8115888833999634,0.4029562473297119
GOPR0871_11_00_000018.png,21.817657516486896,0.7938684225082397,0.4071330428123474
GOPR0871_11_00_000019.png,22.9946764759733,0.8156269788742065,0.31888800859451294
GOPR0871_11_00_000020.png,25.17586166409896,0.8960146307945251,0.22388356924057007
GOPR0871_11_00_000021.png,20.919629045949904,0.7825964093208313,0.5190815925598145
GOPR0871_11_00_000022.png,21.16176793372672,0.7852716445922852,0.5303999781608582
GOPR0871_11_00_000023.png,19.822558319899038,0.755990207195282,0.5462067127227783
GOPR0871_11_00_000024.png,20.51626345173647,0.7708888649940491,0.5272793173789978
GOPR0871_11_00_000025.png,20.195146438756545,0.7606633305549622,0.540947437286377
GOPR0871_11_00_000026.png,21.071303627826907,0.7760722041130066,0.532017171382904
GOPR0871_11_00_000027.png,20.512886469814482,0.7624595165252686,0.5430744290351868
GOPR0871_11_00_000028.png,19.949728882140263,0.7453043460845947,0.536670982837677
GOPR0871_11_00_000029.png,21.768104035081002,0.7894448041915894,0.4417113959789276
GOPR0871_11_00_000030.png,20.796066038518227,0.7423310875892639,0.5270787477493286
GOPR0871_11_00_000031.png,20.731418928142922,0.7511025071144104,0.5166878700256348
GOPR0871_11_00_000032.png,21.74220300940752,0.7776553630828857,0.5117806196212769
GOPR0871_11_00_000033.png,21.111148530641426,0.7524641752243042,0.4579954743385315
GOPR0871_11_00_000034.png,22.459739747723624,0.7947366237640381,0.4013681411743164
GOPR0871_11_00_000035.png,20.619103230141633,0.7485898733139038,0.4532019793987274
GOPR0871_11_00_000036.png,27.414389840719192,0.9151473641395569,0.187950998544693
GOPR0871_11_00_000037.png,21.944259617616737,0.7532747387886047,0.4921492040157318
GOPR0871_11_00_000038.png,23.670210558709435,0.8055195808410645,0.45776212215423584
GOPR0871_11_00_000039.png,20.861980476773052,0.7339279055595398,0.510500431060791
GOPR0871_11_00_000040.png,23.13824542889939,0.8032929301261902,0.49401745200157166
GOPR0871_11_00_000041.png,21.996592849691265,0.7710297107696533,0.5226629972457886
GOPR0871_11_00_000042.png,22.6714361331711,0.7856112718582153,0.4301535189151764
GOPR0871_11_00_000043.png,24.021681024782563,0.8166426420211792,0.3686508536338806
GOPR0871_11_00_000044.png,22.843083510870457,0.7718450427055359,0.41734373569488525
GOPR0871_11_00_000045.png,26.87218215833875,0.8950368762016296,0.21438071131706238
GOPR0871_11_00_000046.png,25.53164238720153,0.8675164580345154,0.21980875730514526
GOPR0871_11_00_000047.png,25.347928775018293,0.8817708492279053,0.22242045402526855
GOPR0871_11_00_000048.png,19.957727878511008,0.716422975063324,0.5527594685554504
GOPR0871_11_00_000049.png,24.235188198038536,0.8612619638442993,0.25327515602111816
GOPR0871_11_00_000050.png,21.919189906648114,0.7588181495666504,0.4961106777191162
GOPR0871_11_00_000051.png,24.632466812527888,0.8357542157173157,0.28987494111061096
GOPR0871_11_00_000052.png,24.574407493804852,0.8234098553657532,0.40724438428878784
GOPR0871_11_00_000053.png,24.35636613526031,0.809329628944397,0.40967077016830444
GOPR0871_11_00_000054.png,29.642437510762633,0.9321759343147278,0.21170145273208618
GOPR0871_11_00_000055.png,31.008471114262424,0.9438425898551941,0.14403031766414642
GOPR0871_11_00_000056.png,23.991742321940244,0.7987460494041443,0.39476436376571655
GOPR0871_11_00_000057.png,22.64107672368516,0.7807036638259888,0.4760082960128784
GOPR0871_11_00_000058.png,22.99674968550398,0.7794177532196045,0.4289399981498718
GOPR0871_11_00_000059.png,22.16704468179754,0.7369176149368286,0.4830362796783447
GOPR0871_11_00_000060.png,21.895306319624964,0.7306206822395325,0.4744393229484558
GOPR0871_11_00_000061.png,22.16439969818996,0.7419703006744385,0.3758608400821686
GOPR0871_11_00_000062.png,21.151423515705755,0.7246958017349243,0.49699944257736206
GOPR0871_11_00_000063.png,26.39091280624312,0.865530252456665,0.29041433334350586
GOPR0871_11_00_000064.png,23.17192267861088,0.7654049396514893,0.444827139377594
GOPR0871_11_00_000065.png,23.511544175432007,0.7722930908203125,0.4853532016277313
GOPR0871_11_00_000066.png,25.5373150499512,0.8364424109458923,0.318090558052063
GOPR0871_11_00_000067.png,26.404308518455196,0.8514203429222107,0.31345656514167786
GOPR0871_11_00_000068.png,24.35009730003879,0.790616512298584,0.44867411255836487
GOPR0871_11_00_000069.png,25.169820085277724,0.8308807015419006,0.26334020495414734
GOPR0871_11_00_000070.png,24.722919565404155,0.8107830286026001,0.38592708110809326
GOPR0871_11_00_000071.png,27.274152202538488,0.893917977809906,0.18453243374824524
GOPR0871_11_00_000072.png,26.437036474010757,0.8751693367958069,0.20775899291038513
GOPR0871_11_00_000073.png,25.53531805956335,0.8441193699836731,0.2952386438846588
GOPR0871_11_00_000074.png,26.61943931755652,0.8584862351417542,0.28912556171417236
GOPR0871_11_00_000075.png,24.83650314796578,0.8061057925224304,0.3748410940170288
GOPR0871_11_00_000076.png,20.928592890656972,0.7036672830581665,0.4978454113006592
GOPR0871_11_00_000077.png,22.164693430165684,0.748886227607727,0.5087852478027344
GOPR0871_11_00_000078.png,21.880527709111274,0.732220470905304,0.5264725685119629
GOPR0871_11_00_000079.png,22.674685451710815,0.7558621764183044,0.47388941049575806
GOPR0871_11_00_000080.png,26.6323631621929,0.8600479960441589,0.37815409898757935
GOPR0871_11_00_000081.png,22.874220933032362,0.7645949125289917,0.5224367380142212
GOPR0871_11_00_000082.png,23.665642045805892,0.7816041111946106,0.39711475372314453
GOPR0871_11_00_000083.png,21.726679438874474,0.7227488160133362,0.4592132866382599
GOPR0871_11_00_000084.png,22.508249290866587,0.7635760307312012,0.5308183431625366
GOPR0871_11_00_000085.png,22.1502706108366,0.7492053508758545,0.5217316746711731
GOPR0871_11_00_000086.png,22.96031047965699,0.7643451690673828,0.46632120013237
GOPR0871_11_00_000087.png,20.69175764828207,0.7402722835540771,0.4975082576274872
GOPR0871_11_00_000088.png,22.700810569769516,0.7586559653282166,0.47939419746398926
GOPR0871_11_00_000089.png,22.05662965153055,0.7541207075119019,0.5068888664245605
GOPR0871_11_00_000090.png,22.711713274549066,0.7703452110290527,0.5270262360572815
GOPR0871_11_00_000091.png,22.64253081275661,0.7711500525474548,0.5321196913719177
GOPR0871_11_00_000092.png,23.62733981972189,0.789094865322113,0.5301808714866638
GOPR0871_11_00_000093.png,24.195678201765173,0.7908898591995239,0.4734930098056793
GOPR0871_11_00_000094.png,24.081129817921372,0.7859460115432739,0.49491086602211
GOPR0871_11_00_000095.png,24.1105487817387,0.7744868397712708,0.4765757918357849
GOPR0871_11_00_000096.png,24.60211652100591,0.8002305030822754,0.37339311838150024
GOPR0871_11_00_000097.png,24.82323766812451,0.8004522919654846,0.38378041982650757
GOPR0871_11_00_000098.png,25.07166306336837,0.8109056949615479,0.26456427574157715
GOPR0871_11_00_000099.png,24.490484436408785,0.8456396460533142,0.2634405493736267
GOPR0871_11_00_000100.png,23.7936109688358,0.7799513339996338,0.4524785280227661
GOPR0881_11_01_000201.png,24.660587481392533,0.8614444136619568,0.2309221625328064
GOPR0881_11_01_000202.png,25.37419564609111,0.8845036625862122,0.17748458683490753
GOPR0881_11_01_000203.png,24.339350600502797,0.8659380674362183,0.21163277328014374
GOPR0881_11_01_000204.png,22.09369628340594,0.8083915710449219,0.3742758333683014
GOPR0881_11_01_000205.png,24.71515025975758,0.8516486883163452,0.27139049768447876
GOPR0881_11_01_000206.png,26.24107479144122,0.8741486072540283,0.2310018241405487
GOPR0881_11_01_000207.png,24.32927314609747,0.8579741716384888,0.29370003938674927
GOPR0881_11_01_000208.png,26.07206651476678,0.8737574815750122,0.25732049345970154
GOPR0881_11_01_000209.png,25.251983826734033,0.8772390484809875,0.2572583854198456
GOPR0881_11_01_000210.png,21.637468327583164,0.8067917823791504,0.3938434422016144
GOPR0881_11_01_000211.png,20.53801776097238,0.7870849370956421,0.42401036620140076
GOPR0881_11_01_000212.png,22.177674963546004,0.825524091720581,0.3620050549507141
GOPR0881_11_01_000213.png,20.245581111731962,0.7802759408950806,0.44016700983047485
GOPR0881_11_01_000214.png,20.052263832543474,0.7706765532493591,0.4165458083152771
GOPR0881_11_01_000215.png,20.125310526981785,0.7863262891769409,0.4235575795173645
GOPR0881_11_01_000216.png,19.823844110520966,0.7582277059555054,0.40790122747421265
GOPR0881_11_01_000217.png,21.27410973135951,0.796483039855957,0.38397881388664246
GOPR0881_11_01_000218.png,22.11637719356819,0.8243847489356995,0.3703480362892151
GOPR0881_11_01_000219.png,21.95023126744371,0.8194252848625183,0.3999772071838379
GOPR0881_11_01_000220.png,21.681565798235898,0.8124014139175415,0.4137936234474182
GOPR0881_11_01_000221.png,26.722974138864508,0.8937687277793884,0.25036442279815674
GOPR0881_11_01_000222.png,22.843098819667908,0.8317285180091858,0.3541136682033539
GOPR0881_11_01_000223.png,25.755576190325478,0.8839253187179565,0.26765358448028564
GOPR0881_11_01_000224.png,32.53563715656276,0.9637261033058167,0.09148372709751129
GOPR0881_11_01_000225.png,28.276207242139648,0.9317051768302917,0.13066238164901733
GOPR0881_11_01_000226.png,23.03549995060662,0.8434413075447083,0.2805442214012146
GOPR0881_11_01_000227.png,24.904924730623414,0.8666066527366638,0.21605414152145386
GOPR0881_11_01_000228.png,23.341918055128616,0.8496379256248474,0.31080758571624756
GOPR0881_11_01_000229.png,22.827660192081147,0.8482524156570435,0.3465763032436371
GOPR0881_11_01_000230.png,23.25218336735069,0.8463257551193237,0.36959296464920044
GOPR0881_11_01_000231.png,22.892387037288337,0.8345873355865479,0.37778326869010925
GOPR0881_11_01_000232.png,26.279503822381358,0.895837664604187,0.2582821547985077
GOPR0881_11_01_000233.png,29.69528969473494,0.9357304573059082,0.15817418694496155
GOPR0881_11_01_000234.png,26.24588217110013,0.887227475643158,0.2717975974082947
GOPR0881_11_01_000235.png,25.345263021708565,0.8815053701400757,0.30693352222442627
GOPR0881_11_01_000236.png,23.592253340316805,0.8464269638061523,0.3560529351234436
GOPR0881_11_01_000237.png,25.778325593494046,0.8829529285430908,0.24094009399414062
GOPR0881_11_01_000238.png,28.17764247662926,0.9157516956329346,0.14828336238861084
GOPR0881_11_01_000239.png,29.39583173655404,0.9376357197761536,0.11915578693151474
GOPR0881_11_01_000240.png,22.708891939372307,0.8333390951156616,0.35225480794906616
GOPR0881_11_01_000241.png,23.87059694020547,0.8556492924690247,0.28958842158317566
GOPR0881_11_01_000242.png,24.96772110974133,0.8663923144340515,0.2743588387966156
GOPR0881_11_01_000243.png,25.57224703515894,0.8877967596054077,0.28877386450767517
GOPR0881_11_01_000244.png,26.884706222985546,0.9055439829826355,0.22311700880527496
GOPR0881_11_01_000245.png,35.00559470661048,0.9716491103172302,0.04641585797071457
GOPR0881_11_01_000246.png,34.45880543281983,0.9705753326416016,0.0724366158246994
GOPR0881_11_01_000247.png,27.090007542697347,0.9045085310935974,0.22736507654190063
GOPR0881_11_01_000248.png,27.07400895451365,0.9019171595573425,0.23713946342468262
GOPR0881_11_01_000249.png,25.930232756887968,0.8861751556396484,0.31075072288513184
GOPR0881_11_01_000250.png,26.42751439584262,0.894462525844574,0.2632911205291748
GOPR0881_11_01_000251.png,25.185857424474676,0.8792497515678406,0.2567462921142578
GOPR0881_11_01_000252.png,26.443205990391373,0.9052215218544006,0.22926901280879974
GOPR0881_11_01_000253.png,23.863852913956332,0.8404020071029663,0.3724862337112427
GOPR0881_11_01_000254.png,23.479923677550573,0.84359210729599,0.37971752882003784
GOPR0881_11_01_000255.png,24.656144994006276,0.8637480735778809,0.3367237150669098
GOPR0881_11_01_000256.png,29.770041105524857,0.9431070685386658,0.11041385680437088
GOPR0881_11_01_000257.png,30.413731835327866,0.9421311020851135,0.12840954959392548
GOPR0881_11_01_000258.png,27.956391151027407,0.918520987033844,0.2030220329761505
GOPR0881_11_01_000259.png,24.23831424443953,0.8497655987739563,0.326996773481369
GOPR0881_11_01_000260.png,28.14529276746404,0.9277770519256592,0.12512215971946716
GOPR0881_11_01_000261.png,23.61258614331647,0.8419727683067322,0.3030736446380615
GOPR0881_11_01_000262.png,23.50968941430296,0.8490177392959595,0.33559170365333557
GOPR0881_11_01_000263.png,27.80266908313039,0.9117643237113953,0.13994932174682617
GOPR0881_11_01_000264.png,24.654972136111674,0.8720484375953674,0.23996590077877045
GOPR0881_11_01_000265.png,24.025753801024035,0.8635077476501465,0.32256191968917847
GOPR0881_11_01_000266.png,25.451344774798592,0.8786959052085876,0.28134047985076904
GOPR0881_11_01_000267.png,29.40058113537279,0.939002275466919,0.158599853515625
GOPR0881_11_01_000268.png,25.88592483795256,0.8744648694992065,0.3056122064590454
GOPR0881_11_01_000269.png,26.965856966965948,0.9000384211540222,0.2631968855857849
GOPR0881_11_01_000270.png,25.889584332826566,0.8851451873779297,0.3047906160354614
GOPR0881_11_01_000271.png,25.628595788994232,0.8779575228691101,0.31166499853134155
GOPR0881_11_01_000272.png,27.215639487825293,0.9117608666419983,0.23021841049194336
GOPR0881_11_01_000273.png,25.54231668382149,0.8771482706069946,0.27018117904663086
GOPR0881_11_01_000274.png,28.832387725856023,0.9421243667602539,0.09671677649021149
GOPR0881_11_01_000275.png,24.898460211610356,0.8887442350387573,0.2126474827528
GOPR0881_11_01_000276.png,24.940886722836982,0.8955287933349609,0.20087632536888123
GOPR0881_11_01_000277.png,24.385246574068535,0.860912561416626,0.3029758334159851
GOPR0881_11_01_000278.png,25.076211329226258,0.8750748634338379,0.2878979742527008
GOPR0881_11_01_000279.png,30.669380356804844,0.9549915194511414,0.0920393317937851
GOPR0881_11_01_000280.png,28.458965614797016,0.9257342219352722,0.1925840675830841
GOPR0881_11_01_000281.png,28.10379982689777,0.9098427295684814,0.21283727884292603
GOPR0881_11_01_000282.png,26.79391898924818,0.9012404084205627,0.2414214164018631
GOPR0881_11_01_000283.png,24.974140440744108,0.8713204264640808,0.35230833292007446
GOPR0881_11_01_000284.png,29.92716934930371,0.9397969245910645,0.15521222352981567
GOPR0881_11_01_000285.png,24.01288618922033,0.8456567525863647,0.326171875
GOPR0881_11_01_000286.png,25.87297461116657,0.8816064596176147,0.2978760898113251
GOPR0881_11_01_000287.png,24.156245317290967,0.8518899083137512,0.31778037548065186
GOPR0881_11_01_000288.png,25.392154565949028,0.892298698425293,0.21360966563224792
GOPR0881_11_01_000289.png,25.124801433800098,0.8802414536476135,0.22216960787773132
GOPR0881_11_01_000290.png,27.847869769512123,0.9108009338378906,0.1858481764793396
GOPR0881_11_01_000291.png,36.52073792738568,0.9673958420753479,0.04525630921125412
GOPR0881_11_01_000292.png,31.27814932597434,0.9392423629760742,0.09472288191318512
GOPR0881_11_01_000293.png,28.438293564003683,0.9297672510147095,0.11599992960691452
GOPR0881_11_01_000294.png,28.502175951228427,0.90787273645401,0.19612234830856323
GOPR0881_11_01_000295.png,27.76164216934227,0.9000164270401001,0.21999400854110718
GOPR0881_11_01_000296.png,28.166941553966304,0.9124995470046997,0.21765339374542236
GOPR0881_11_01_000297.png,27.096246816078406,0.9060930013656616,0.2034180760383606
GOPR0881_11_01_000298.png,25.110622246143024,0.8692084550857544,0.2602218687534332
GOPR0881_11_01_000299.png,26.792957405003502,0.8960265517234802,0.18407239019870758
GOPR0881_11_01_000300.png,23.152058812431065,0.8438970446586609,0.34088337421417236
AVERAGE,25.660238434574197,0.8490441704955217,0.27882505272800967
